the_geom,the_geom_webmercator,collection_date,count,test_result,etl_timestamp,objectid
,,2021-06-10 04:00:00+00,40,positive,2024-12-09 16:00:01.938486+00,283364
,,2023-07-28 04:00:00+00,72,negative,2024-12-09 16:00:01.938486+00,283365
,,2023-03-17 04:00:00+00,61,positive,2024-12-09 16:00:01.938486+00,283366
,,2024-04-25 04:00:00+00,25,positive,2024-12-09 16:00:01.938486+00,283367
,,2021-02-17 05:00:00+00,8290,negative,2024-12-09 16:00:01.938486+00,283368
,,2023-04-26 04:00:00+00,11,positive,2024-12-09 16:00:01.938486+00,283369
,,2020-11-06 05:00:00+00,849,positive,2024-12-09 16:00:01.938486+00,283370
,,2022-12-08 05:00:00+00,1822,negative,2024-12-09 16:00:01.938486+00,283371
,,2021-03-13 05:00:00+00,3865,negative,2024-12-09 16:00:01.938486+00,283372
,,2020-06-27 04:00:00+00,81,positive,2024-12-09 16:00:01.938486+00,283373
,,2021-10-04 04:00:00+00,10432,negative,2024-12-09 16:00:01.938486+00,283374
,,2022-02-16 05:00:00+00,101,positive,2024-12-09 16:00:01.938486+00,283375
,,2022-06-27 04:00:00+00,333,positive,2024-12-09 16:00:01.938486+00,283376
,,2024-01-08 05:00:00+00,279,negative,2024-12-09 16:00:01.938486+00,283377
,,2022-10-20 04:00:00+00,1894,negative,2024-12-09 16:00:01.938486+00,283378
,,2023-08-20 04:00:00+00,46,positive,2024-12-09 16:00:01.938486+00,283379
,,2021-05-18 04:00:00+00,153,positive,2024-12-09 16:00:01.938486+00,283380
,,2023-06-19 04:00:00+00,89,negative,2024-12-09 16:00:01.938486+00,283381
,,2021-01-07 05:00:00+00,8052,negative,2024-12-09 16:00:01.938486+00,283382
,,2023-02-20 05:00:00+00,166,positive,2024-12-09 16:00:01.938486+00,283383
,,2020-12-15 05:00:00+00,7326,negative,2024-12-09 16:00:01.938486+00,283384
,,2021-04-07 04:00:00+00,661,positive,2024-12-09 16:00:01.938486+00,283385
,,2023-01-12 05:00:00+00,228,positive,2024-12-09 16:00:01.938486+00,283386
,,2023-05-25 04:00:00+00,138,negative,2024-12-09 16:00:01.938486+00,283387
,,2023-01-15 05:00:00+00,717,negative,2024-12-09 16:00:01.938486+00,283388
,,2023-05-22 04:00:00+00,23,positive,2024-12-09 16:00:01.938486+00,283389
,,2020-12-02 05:00:00+00,1347,positive,2024-12-09 16:00:01.938486+00,283390
,,2021-04-20 04:00:00+00,10004,negative,2024-12-09 16:00:01.938486+00,283391
,,2021-09-28 04:00:00+00,303,positive,2024-12-09 16:00:01.938486+00,283392
,,2022-10-14 04:00:00+00,163,positive,2024-12-09 16:00:01.938486+00,283393
,,2023-09-15 04:00:00+00,119,negative,2024-12-09 16:00:01.938486+00,283394
,,2024-01-14 05:00:00+00,100,positive,2024-12-09 16:00:01.938486+00,283395
,,2020-07-23 04:00:00+00,4285,negative,2024-12-09 16:00:01.938486+00,283396
,,2022-06-01 04:00:00+00,3252,negative,2024-12-09 16:00:01.938486+00,283397
,,2022-01-21 05:00:00+00,9870,negative,2024-12-09 16:00:01.938486+00,283398
,,2023-07-16 04:00:00+00,12,positive,2024-12-09 16:00:01.938486+00,283399
,,2023-02-25 05:00:00+00,643,negative,2024-12-09 16:00:01.938486+00,283400
,,2021-01-28 05:00:00+00,503,positive,2024-12-09 16:00:01.938486+00,283401
,,2021-05-29 04:00:00+00,2470,negative,2024-12-09 16:00:01.938486+00,283402
,,2022-12-21 05:00:00+00,260,positive,2024-12-09 16:00:01.938486+00,283403
,,2020-11-03 05:00:00+00,6123,negative,2024-12-09 16:00:01.938486+00,283404
,,2021-03-16 04:00:00+00,509,positive,2024-12-09 16:00:01.938486+00,283405
,,2023-04-13 04:00:00+00,590,negative,2024-12-09 16:00:01.938486+00,283406
,,2022-03-21 04:00:00+00,99,positive,2024-12-09 16:00:01.938486+00,283407
,,2021-07-02 04:00:00+00,2366,negative,2024-12-09 16:00:01.938486+00,283408
,,2020-10-03 04:00:00+00,108,positive,2024-12-09 16:00:01.938486+00,283409
,,2021-11-10 05:00:00+00,332,positive,2024-12-09 16:00:01.938486+00,283410
,,2022-07-18 04:00:00+00,1772,negative,2024-12-09 16:00:01.938486+00,283411
,,2020-05-31 04:00:00+00,1523,negative,2024-12-09 16:00:01.938486+00,283412
,,2024-04-11 04:00:00+00,202,negative,2024-12-09 16:00:01.938486+00,283413
,,2023-11-26 05:00:00+00,61,positive,2024-12-09 16:00:01.938486+00,283414
,,2023-03-20 04:00:00+00,63,positive,2024-12-09 16:00:01.938486+00,283415
,,2024-04-22 04:00:00+00,19,positive,2024-12-09 16:00:01.938486+00,283416
,,2021-02-04 05:00:00+00,9965,negative,2024-12-09 16:00:01.938486+00,283417
,,2023-07-25 04:00:00+00,86,negative,2024-12-09 16:00:01.938486+00,283418
,,2021-06-23 04:00:00+00,22,positive,2024-12-09 16:00:01.938486+00,283419
,,2022-08-06 04:00:00+00,1239,negative,2024-12-09 16:00:01.938486+00,283420
,,2020-09-14 04:00:00+00,102,positive,2024-12-09 16:00:01.938486+00,283421
,,2020-05-18 04:00:00+00,1175,negative,2024-12-09 16:00:01.938486+00,283422
,,2023-11-13 05:00:00+00,96,positive,2024-12-09 16:00:01.938486+00,283423
,,2021-07-15 04:00:00+00,3379,negative,2024-12-09 16:00:01.938486+00,283424
,,2024-03-23 04:00:00+00,160,negative,2024-12-09 16:00:01.938486+00,283425
,,2021-11-29 05:00:00+00,629,positive,2024-12-09 16:00:01.938486+00,283426
,,2022-04-03 04:00:00+00,67,positive,2024-12-09 16:00:01.938486+00,283427
,,2022-12-27 05:00:00+00,1293,negative,2024-12-09 16:00:01.938486+00,283428
,,2020-11-29 05:00:00+00,551,positive,2024-12-09 16:00:01.938486+00,283429
,,2021-03-22 04:00:00+00,8592,negative,2024-12-09 16:00:01.938486+00,283430
,,2023-05-09 04:00:00+00,31,positive,2024-12-09 16:00:01.938486+00,283431
,,2020-04-08 04:00:00+00,550,positive,2024-12-09 16:00:01.938486+00,283432
,,2022-09-15 04:00:00+00,261,positive,2024-12-09 16:00:01.938486+00,283433
,,2022-04-27 04:00:00+00,3629,negative,2024-12-09 16:00:01.938486+00,283434
,,2020-08-21 04:00:00+00,3641,negative,2024-12-09 16:00:01.938486+00,283435
,,2024-02-12 05:00:00+00,139,positive,2024-12-09 16:00:01.938486+00,283436
,,2023-10-20 04:00:00+00,127,negative,2024-12-09 16:00:01.938486+00,283437
,,2021-12-23 05:00:00+00,10515,negative,2024-12-09 16:00:01.938486+00,283438
,,2021-08-24 04:00:00+00,410,positive,2024-12-09 16:00:01.938486+00,283439
,,2020-04-15 04:00:00+00,538,positive,2024-12-09 16:00:01.938486+00,283440
,,2021-12-30 05:00:00+00,6662,negative,2024-12-09 16:00:01.938486+00,283441
,,2023-10-07 04:00:00+00,130,negative,2024-12-09 16:00:01.938486+00,283442
,,2022-05-10 04:00:00+00,3491,negative,2024-12-09 16:00:01.938486+00,283443
,,2021-08-17 04:00:00+00,361,positive,2024-12-09 16:00:01.938486+00,283444
,,2020-08-14 04:00:00+00,4022,negative,2024-12-09 16:00:01.938486+00,283445
,,2022-09-02 04:00:00+00,214,positive,2024-12-09 16:00:01.938486+00,283446
,,2024-02-25 05:00:00+00,43,positive,2024-12-09 16:00:01.938486+00,283447
,,2023-05-25 04:00:00+00,21,positive,2024-12-09 16:00:01.938486+00,283448
,,2020-12-15 05:00:00+00,1016,positive,2024-12-09 16:00:01.938486+00,283449
,,2023-01-12 05:00:00+00,999,negative,2024-12-09 16:00:01.938486+00,283450
,,2021-04-07 04:00:00+00,10463,negative,2024-12-09 16:00:01.938486+00,283451
,,2021-07-30 04:00:00+00,3847,negative,2024-12-09 16:00:01.938486+00,283452
,,2020-08-28 04:00:00+00,166,positive,2024-12-09 16:00:01.938486+00,283453
,,2024-03-06 05:00:00+00,202,negative,2024-12-09 16:00:01.938486+00,283454
,,2020-05-03 04:00:00+00,914,negative,2024-12-09 16:00:01.938486+00,283455
,,2021-12-16 05:00:00+00,1037,positive,2024-12-09 16:00:01.938486+00,283456
,,2022-04-18 04:00:00+00,321,positive,2024-12-09 16:00:01.938486+00,283457
,,2022-08-23 04:00:00+00,1738,negative,2024-12-09 16:00:01.938486+00,283458
,,2023-10-29 04:00:00+00,50,positive,2024-12-09 16:00:01.938486+00,283459
,,2021-01-19 05:00:00+00,9164,negative,2024-12-09 16:00:01.938486+00,283460
,,2023-03-04 05:00:00+00,56,positive,2024-12-09 16:00:01.938486+00,283461
,,2021-06-07 04:00:00+00,41,positive,2024-12-09 16:00:01.938486+00,283462
,,2023-07-09 04:00:00+00,80,negative,2024-12-09 16:00:01.938486+00,283463
,,2022-03-12 05:00:00+00,20,positive,2024-12-09 16:00:01.938486+00,283464
,,2024-04-02 04:00:00+00,170,negative,2024-12-09 16:00:01.938486+00,283465
,,2020-05-28 04:00:00+00,2102,negative,2024-12-09 16:00:01.938486+00,283466
,,2022-07-27 04:00:00+00,2196,negative,2024-12-09 16:00:01.938486+00,283467
,,2021-11-07 04:00:00+00,108,positive,2024-12-09 16:00:01.938486+00,283468
,,2023-12-05 05:00:00+00,104,positive,2024-12-09 16:00:01.938486+00,283469
,,2020-10-06 04:00:00+00,211,positive,2024-12-09 16:00:01.938486+00,283470
,,2021-07-05 04:00:00+00,1631,negative,2024-12-09 16:00:01.938486+00,283471
,,2022-12-05 05:00:00+00,271,positive,2024-12-09 16:00:01.938486+00,283472
,,2023-03-28 04:00:00+00,822,negative,2024-12-09 16:00:01.938486+00,283473
,,2020-10-18 04:00:00+00,3953,negative,2024-12-09 16:00:01.938486+00,283474
,,2021-02-28 05:00:00+00,175,positive,2024-12-09 16:00:01.938486+00,283475
,,2023-03-13 04:00:00+00,1066,negative,2024-12-09 16:00:01.938486+00,283476
,,2023-08-01 04:00:00+00,50,positive,2024-12-09 16:00:01.938486+00,283477
,,2024-04-29 04:00:00+00,103,negative,2024-12-09 16:00:01.938486+00,283478
,,2021-06-14 04:00:00+00,4770,negative,2024-12-09 16:00:01.938486+00,283479
,,2021-02-13 05:00:00+00,184,positive,2024-12-09 16:00:01.938486+00,283480
,,2022-06-18 04:00:00+00,1593,negative,2024-12-09 16:00:01.938486+00,283481
,,2023-12-30 05:00:00+00,124,positive,2024-12-09 16:00:01.938486+00,283482
,,2021-10-15 04:00:00+00,268,positive,2024-12-09 16:00:01.938486+00,283483
,,2022-02-05 05:00:00+00,2063,negative,2024-12-09 16:00:01.938486+00,283484
,,2023-08-29 04:00:00+00,233,negative,2024-12-09 16:00:01.938486+00,283485
,,2022-10-29 04:00:00+00,92,positive,2024-12-09 16:00:01.938486+00,283486
,,2020-07-08 04:00:00+00,3643,negative,2024-12-09 16:00:01.938486+00,283487
,,2020-11-16 05:00:00+00,1180,positive,2024-12-09 16:00:01.938486+00,283488
,,2023-05-06 04:00:00+00,10,positive,2024-12-09 16:00:01.938486+00,283489
,,2022-12-30 05:00:00+00,1005,negative,2024-12-09 16:00:01.938486+00,283490
,,2021-04-04 04:00:00+00,2617,negative,2024-12-09 16:00:01.938486+00,283491
,,2023-05-20 04:00:00+00,105,negative,2024-12-09 16:00:01.938486+00,283492
,,2020-11-30 05:00:00+00,5829,negative,2024-12-09 16:00:01.938486+00,283493
,,2023-01-17 05:00:00+00,284,positive,2024-12-09 16:00:01.938486+00,283494
,,2021-04-22 04:00:00+00,527,positive,2024-12-09 16:00:01.938486+00,283495
,,2020-12-22 05:00:00+00,7649,negative,2024-12-09 16:00:01.938486+00,283496
,,2023-06-03 04:00:00+00,95,negative,2024-12-09 16:00:01.938486+00,283497
,,2021-05-02 04:00:00+00,212,positive,2024-12-09 16:00:01.938486+00,283498
,,2023-02-04 05:00:00+00,165,positive,2024-12-09 16:00:01.938486+00,283499
,,2023-09-04 04:00:00+00,70,positive,2024-12-09 16:00:01.938486+00,283500
,,2021-09-19 04:00:00+00,3133,negative,2024-12-09 16:00:01.938486+00,283501
,,2022-01-30 05:00:00+00,215,positive,2024-12-09 16:00:01.938486+00,283502
,,2022-10-03 04:00:00+00,1732,negative,2024-12-09 16:00:01.938486+00,283503
,,2022-06-12 04:00:00+00,181,positive,2024-12-09 16:00:01.938486+00,283504
,,2024-01-25 05:00:00+00,281,negative,2024-12-09 16:00:01.938486+00,283505
,,2020-07-14 04:00:00+00,195,positive,2024-12-09 16:00:01.938486+00,283506
,,2021-03-28 04:00:00+00,2732,negative,2024-12-09 16:00:01.938486+00,283507
,,2023-05-11 04:00:00+00,22,positive,2024-12-09 16:00:01.938486+00,283508
,,2020-11-23 05:00:00+00,1293,positive,2024-12-09 16:00:01.938486+00,283509
,,2022-12-25 05:00:00+00,807,negative,2024-12-09 16:00:01.938486+00,283510
,,2021-05-25 04:00:00+00,116,positive,2024-12-09 16:00:01.938486+00,283511
,,2021-02-01 05:00:00+00,2681,negative,2024-12-09 16:00:01.938486+00,283512
,,2023-03-01 05:00:00+00,114,positive,2024-12-09 16:00:01.938486+00,283513
,,2023-07-12 04:00:00+00,121,negative,2024-12-09 16:00:01.938486+00,283514
,,2022-11-11 05:00:00+00,144,positive,2024-12-09 16:00:01.938486+00,283515
,,2020-06-09 04:00:00+00,2322,negative,2024-12-09 16:00:01.938486+00,283516
,,2023-08-10 04:00:00+00,143,negative,2024-12-09 16:00:01.938486+00,283517
,,2022-07-07 04:00:00+00,2288,negative,2024-12-09 16:00:01.938486+00,283518
,,2023-12-17 05:00:00+00,97,positive,2024-12-09 16:00:01.938486+00,283519
,,2021-10-18 04:00:00+00,267,positive,2024-12-09 16:00:01.938486+00,283520
,,2022-03-06 05:00:00+00,1458,negative,2024-12-09 16:00:01.938486+00,283521
,,2022-11-14 05:00:00+00,1905,negative,2024-12-09 16:00:01.938486+00,283522
,,2023-08-13 04:00:00+00,42,positive,2024-12-09 16:00:01.938486+00,283523
,,2023-12-14 05:00:00+00,209,negative,2024-12-09 16:00:01.938486+00,283524
,,2020-06-22 04:00:00+00,130,positive,2024-12-09 16:00:01.938486+00,283525
,,2022-07-04 04:00:00+00,160,positive,2024-12-09 16:00:01.938486+00,283526
,,2022-02-21 05:00:00+00,109,positive,2024-12-09 16:00:01.938486+00,283527
,,2021-10-31 04:00:00+00,2084,negative,2024-12-09 16:00:01.938486+00,283528
,,2022-10-21 04:00:00+00,151,positive,2024-12-09 16:00:01.938486+00,283529
,,2022-02-13 05:00:00+00,1421,negative,2024-12-09 16:00:01.938486+00,283530
,,2020-06-30 04:00:00+00,2719,negative,2024-12-09 16:00:01.938486+00,283531
,,2023-08-21 04:00:00+00,128,negative,2024-12-09 16:00:01.938486+00,283532
,,2022-06-26 04:00:00+00,1269,negative,2024-12-09 16:00:01.938486+00,283533
,,2021-10-07 04:00:00+00,329,positive,2024-12-09 16:00:01.938486+00,283534
,,2024-01-07 05:00:00+00,122,positive,2024-12-09 16:00:01.938486+00,283535
,,2021-01-21 05:00:00+00,9567,negative,2024-12-09 16:00:01.938486+00,283536
,,2023-07-03 04:00:00+00,86,negative,2024-12-09 16:00:01.938486+00,283537
,,2023-03-10 05:00:00+00,68,positive,2024-12-09 16:00:01.938486+00,283538
,,2021-06-05 04:00:00+00,42,positive,2024-12-09 16:00:01.938486+00,283539
,,2023-09-17 04:00:00+00,127,negative,2024-12-09 16:00:01.938486+00,283540
,,2022-01-27 05:00:00+00,6906,negative,2024-12-09 16:00:01.938486+00,283541
,,2022-05-30 04:00:00+00,1157,negative,2024-12-09 16:00:01.938486+00,283542
,,2024-01-12 05:00:00+00,149,positive,2024-12-09 16:00:01.938486+00,283543
,,2021-09-22 04:00:00+00,350,positive,2024-12-09 16:00:01.938486+00,283544
,,2022-10-16 04:00:00+00,118,positive,2024-12-09 16:00:01.938486+00,283545
,,2020-07-17 04:00:00+00,3730,negative,2024-12-09 16:00:01.938486+00,283546
,,2022-09-11 04:00:00+00,1009,negative,2024-12-09 16:00:01.938486+00,283547
,,2021-12-19 05:00:00+00,547,positive,2024-12-09 16:00:01.938486+00,283548
,,2021-08-28 04:00:00+00,3201,negative,2024-12-09 16:00:01.938486+00,283549
,,2023-10-16 04:00:00+00,96,positive,2024-12-09 16:00:01.938486+00,283550
,,2024-02-16 05:00:00+00,179,negative,2024-12-09 16:00:01.938486+00,283551
,,2020-08-25 04:00:00+00,118,positive,2024-12-09 16:00:01.938486+00,283552
,,2020-04-04 04:00:00+00,960,negative,2024-12-09 16:00:01.938486+00,283553
,,2022-05-01 04:00:00+00,163,positive,2024-12-09 16:00:01.938486+00,283554
,,2024-02-02 05:00:00+00,128,positive,2024-12-09 16:00:01.938486+00,283555
,,2022-05-19 04:00:00+00,3057,negative,2024-12-09 16:00:01.938486+00,283556
,,2022-09-25 04:00:00+00,99,positive,2024-12-09 16:00:01.938486+00,283557
,,2021-09-11 04:00:00+00,241,positive,2024-12-09 16:00:01.938486+00,283558
,,2020-08-07 04:00:00+00,3263,negative,2024-12-09 16:00:01.938486+00,283559
,,2023-09-28 04:00:00+00,228,negative,2024-12-09 16:00:01.938486+00,283560
,,2020-03-21 04:00:00+00,94,positive,2024-12-09 16:00:01.938486+00,283561
,,2022-01-06 05:00:00+00,8386,negative,2024-12-09 16:00:01.938486+00,283562
,,2021-05-10 04:00:00+00,10688,negative,2024-12-09 16:00:01.938486+00,283563
,,2023-06-27 04:00:00+00,19,positive,2024-12-09 16:00:01.938486+00,283564
,,2021-01-15 05:00:00+00,554,positive,2024-12-09 16:00:01.938486+00,283565
,,2023-02-12 05:00:00+00,650,negative,2024-12-09 16:00:01.938486+00,283566
,,2022-12-18 05:00:00+00,1165,negative,2024-12-09 16:00:01.938486+00,283567
,,2020-11-04 05:00:00+00,651,positive,2024-12-09 16:00:01.938486+00,283568
,,2023-04-16 04:00:00+00,7,positive,2024-12-09 16:00:01.938486+00,283569
,,2021-03-15 04:00:00+00,7821,negative,2024-12-09 16:00:01.938486+00,283570
,,2024-03-29 04:00:00+00,167,negative,2024-12-09 16:00:01.938486+00,283571
,,2020-05-16 04:00:00+00,1361,negative,2024-12-09 16:00:01.938486+00,283572
,,2022-04-09 04:00:00+00,115,positive,2024-12-09 16:00:01.938486+00,283573
,,2021-07-17 04:00:00+00,2020,negative,2024-12-09 16:00:01.938486+00,283574
,,2022-07-31 04:00:00+00,1010,negative,2024-12-09 16:00:01.938486+00,283575
,,2021-11-27 05:00:00+00,271,positive,2024-12-09 16:00:01.938486+00,283576
,,2020-09-16 04:00:00+00,97,positive,2024-12-09 16:00:01.938486+00,283577
,,2023-11-07 05:00:00+00,77,positive,2024-12-09 16:00:01.938486+00,283578
,,2023-03-15 04:00:00+00,62,positive,2024-12-09 16:00:01.938486+00,283579
,,2021-02-11 05:00:00+00,8501,negative,2024-12-09 16:00:01.938486+00,283580
,,2021-06-16 04:00:00+00,25,positive,2024-12-09 16:00:01.938486+00,283581
,,2023-07-30 04:00:00+00,77,negative,2024-12-09 16:00:01.938486+00,283582
,,2024-04-27 04:00:00+00,13,positive,2024-12-09 16:00:01.938486+00,283583
,,2023-08-10 04:00:00+00,58,positive,2024-12-09 16:00:01.938486+00,283584
,,2022-07-07 04:00:00+00,456,positive,2024-12-09 16:00:01.938486+00,283585
,,2022-11-11 05:00:00+00,1631,negative,2024-12-09 16:00:01.938486+00,283586
,,2023-12-17 05:00:00+00,192,negative,2024-12-09 16:00:01.938486+00,283587
,,2022-03-06 05:00:00+00,43,positive,2024-12-09 16:00:01.938486+00,283588
,,2021-10-18 04:00:00+00,7447,negative,2024-12-09 16:00:01.938486+00,283589
,,2020-06-09 04:00:00+00,142,positive,2024-12-09 16:00:01.938486+00,283590
,,2020-11-11 05:00:00+00,1125,positive,2024-12-09 16:00:01.938486+00,283591
,,2021-03-08 05:00:00+00,7776,negative,2024-12-09 16:00:01.938486+00,283592
,,2022-12-13 05:00:00+00,1741,negative,2024-12-09 16:00:01.938486+00,283593
,,2023-04-21 04:00:00+00,15,positive,2024-12-09 16:00:01.938486+00,283594
,,2020-09-10 04:00:00+00,3817,negative,2024-12-09 16:00:01.938486+00,283595
,,2021-08-12 04:00:00+00,354,positive,2024-12-09 16:00:01.938486+00,283596
,,2020-04-20 04:00:00+00,625,positive,2024-12-09 16:00:01.938486+00,283597
,,2022-04-15 04:00:00+00,3216,negative,2024-12-09 16:00:01.938486+00,283598
,,2022-08-26 04:00:00+00,231,positive,2024-12-09 16:00:01.938486+00,283599
,,2021-12-03 05:00:00+00,9776,negative,2024-12-09 16:00:01.938486+00,283600
,,2024-03-03 05:00:00+00,29,positive,2024-12-09 16:00:01.938486+00,283601
,,2023-11-01 04:00:00+00,188,negative,2024-12-09 16:00:01.938486+00,283602
,,2020-12-20 05:00:00+00,366,positive,2024-12-09 16:00:01.938486+00,283603
,,2023-06-01 04:00:00+00,16,positive,2024-12-09 16:00:01.938486+00,283604
,,2021-05-04 04:00:00+00,10505,negative,2024-12-09 16:00:01.938486+00,283605
,,2023-02-06 05:00:00+00,1245,negative,2024-12-09 16:00:01.938486+00,283606
,,2023-05-16 04:00:00+00,18,positive,2024-12-09 16:00:01.938486+00,283607
,,2020-12-04 05:00:00+00,1149,positive,2024-12-09 16:00:01.938486+00,283608
,,2021-04-18 04:00:00+00,3278,negative,2024-12-09 16:00:01.938486+00,283609
,,2023-01-21 05:00:00+00,826,negative,2024-12-09 16:00:01.938486+00,283610
,,2022-09-04 04:00:00+00,1026,negative,2024-12-09 16:00:01.938486+00,283611
,,2021-08-19 04:00:00+00,4844,negative,2024-12-09 16:00:01.938486+00,283612
,,2023-10-09 04:00:00+00,83,positive,2024-12-09 16:00:01.938486+00,283613
,,2022-05-08 04:00:00+00,187,positive,2024-12-09 16:00:01.938486+00,283614
,,2021-12-28 05:00:00+00,4888,positive,2024-12-09 16:00:01.938486+00,283615
,,2024-02-23 05:00:00+00,200,negative,2024-12-09 16:00:01.938486+00,283616
,,2020-08-16 04:00:00+00,48,positive,2024-12-09 16:00:01.938486+00,283617
,,2020-04-13 04:00:00+00,510,negative,2024-12-09 16:00:01.938486+00,283618
,,2020-11-16 05:00:00+00,6576,negative,2024-12-09 16:00:01.938486+00,283619
,,2023-05-06 04:00:00+00,343,negative,2024-12-09 16:00:01.938486+00,283620
,,2022-12-30 05:00:00+00,269,positive,2024-12-09 16:00:01.938486+00,283621
,,2021-04-04 04:00:00+00,363,positive,2024-12-09 16:00:01.938486+00,283622
,,2023-11-15 05:00:00+00,80,positive,2024-12-09 16:00:01.938486+00,283623
,,2020-05-08 04:00:00+00,1618,negative,2024-12-09 16:00:01.938486+00,283624
,,2022-08-08 04:00:00+00,2025,negative,2024-12-09 16:00:01.938486+00,283625
,,2024-03-21 04:00:00+00,182,negative,2024-12-09 16:00:01.938486+00,283626
,,2021-11-19 05:00:00+00,306,positive,2024-12-09 16:00:01.938486+00,283627
,,2022-04-01 04:00:00+00,107,positive,2024-12-09 16:00:01.938486+00,283628
,,2020-09-24 04:00:00+00,119,positive,2024-12-09 16:00:01.938486+00,283629
,,2021-07-25 04:00:00+00,1896,negative,2024-12-09 16:00:01.938486+00,283630
,,2022-11-23 05:00:00+00,203,positive,2024-12-09 16:00:01.938486+00,283631
,,2020-10-22 04:00:00+00,6006,negative,2024-12-09 16:00:01.938486+00,283632
,,2023-04-09 04:00:00+00,393,negative,2024-12-09 16:00:01.938486+00,283633
,,2021-02-24 05:00:00+00,321,positive,2024-12-09 16:00:01.938486+00,283634
,,2021-11-05 04:00:00+00,9304,negative,2024-12-09 16:00:01.938486+00,283635
,,2021-07-07 04:00:00+00,41,positive,2024-12-09 16:00:01.938486+00,283636
,,2020-05-26 04:00:00+00,244,positive,2024-12-09 16:00:01.938486+00,283637
,,2022-11-19 05:00:00+00,1147,negative,2024-12-09 16:00:01.938486+00,282953
,,2020-06-17 04:00:00+00,151,positive,2024-12-09 16:00:01.938486+00,282954
,,2022-02-26 05:00:00+00,46,positive,2024-12-09 16:00:01.938486+00,282955
,,2021-10-26 04:00:00+00,7994,negative,2024-12-09 16:00:01.938486+00,282956
,,2023-12-09 05:00:00+00,139,negative,2024-12-09 16:00:01.938486+00,282957
,,2023-08-18 04:00:00+00,81,positive,2024-12-09 16:00:01.938486+00,282958
,,2022-06-29 04:00:00+00,381,positive,2024-12-09 16:00:01.938486+00,282959
,,2023-07-30 04:00:00+00,24,positive,2024-12-09 16:00:01.938486+00,282960
,,2023-03-15 04:00:00+00,955,negative,2024-12-09 16:00:01.938486+00,282961
,,2021-06-16 04:00:00+00,3306,negative,2024-12-09 16:00:01.938486+00,282962
,,2024-04-27 04:00:00+00,89,negative,2024-12-09 16:00:01.938486+00,282963
,,2021-02-11 05:00:00+00,330,positive,2024-12-09 16:00:01.938486+00,282964
,,2023-03-07 05:00:00+00,98,positive,2024-12-09 16:00:01.938486+00,282965
,,2021-01-18 05:00:00+00,7255,negative,2024-12-09 16:00:01.938486+00,282966
,,2021-06-08 04:00:00+00,40,positive,2024-12-09 16:00:01.938486+00,282967
,,2023-07-06 04:00:00+00,108,negative,2024-12-09 16:00:01.938486+00,282968
,,2021-01-03 05:00:00+00,381,positive,2024-12-09 16:00:01.938486+00,282969
,,2023-02-16 05:00:00+00,1155,negative,2024-12-09 16:00:01.938486+00,282970
,,2021-05-22 04:00:00+00,3052,negative,2024-12-09 16:00:01.938486+00,282971
,,2023-06-23 04:00:00+00,14,positive,2024-12-09 16:00:01.938486+00,282972
,,2022-09-27 04:00:00+00,2025,negative,2024-12-09 16:00:01.938486+00,282973
,,2024-01-31 05:00:00+00,231,negative,2024-12-09 16:00:01.938486+00,282974
,,2022-01-04 05:00:00+00,5780,positive,2024-12-09 16:00:01.938486+00,282975
,,2022-05-17 04:00:00+00,625,positive,2024-12-09 16:00:01.938486+00,282976
,,2023-09-30 04:00:00+00,54,positive,2024-12-09 16:00:01.938486+00,282977
,,2020-08-09 04:00:00+00,75,positive,2024-12-09 16:00:01.938486+00,282978
,,2021-09-13 04:00:00+00,10815,negative,2024-12-09 16:00:01.938486+00,282979
,,2020-03-19 04:00:00+00,35,negative,2024-12-09 16:00:01.938486+00,282980
,,2021-08-20 04:00:00+00,279,positive,2024-12-09 16:00:01.938486+00,282981
,,2021-12-27 05:00:00+00,4988,negative,2024-12-09 16:00:01.938486+00,282982
,,2020-04-12 04:00:00+00,206,positive,2024-12-09 16:00:01.938486+00,282983
,,2020-08-17 04:00:00+00,3085,negative,2024-12-09 16:00:01.938486+00,282984
,,2022-09-03 04:00:00+00,148,positive,2024-12-09 16:00:01.938486+00,282985
,,2023-10-08 04:00:00+00,122,negative,2024-12-09 16:00:01.938486+00,282986
,,2022-05-09 04:00:00+00,3658,negative,2024-12-09 16:00:01.938486+00,282987
,,2024-02-24 05:00:00+00,54,positive,2024-12-09 16:00:01.938486+00,282988
,,2020-12-27 05:00:00+00,3881,negative,2024-12-09 16:00:01.938486+00,282989
,,2023-06-14 04:00:00+00,118,negative,2024-12-09 16:00:01.938486+00,282990
,,2023-01-24 05:00:00+00,294,positive,2024-12-09 16:00:01.938486+00,282991
,,2021-04-27 04:00:00+00,483,positive,2024-12-09 16:00:01.938486+00,282992
,,2022-01-27 05:00:00+00,527,positive,2024-12-09 16:00:01.938486+00,282993
,,2024-01-12 05:00:00+00,240,negative,2024-12-09 16:00:01.938486+00,282994
,,2022-05-30 04:00:00+00,170,positive,2024-12-09 16:00:01.938486+00,282995
,,2020-07-17 04:00:00+00,175,positive,2024-12-09 16:00:01.938486+00,282996
,,2021-09-22 04:00:00+00,12199,negative,2024-12-09 16:00:01.938486+00,282997
,,2023-09-17 04:00:00+00,75,positive,2024-12-09 16:00:01.938486+00,282998
,,2022-10-16 04:00:00+00,997,negative,2024-12-09 16:00:01.938486+00,282999
,,2021-12-02 05:00:00+00,580,positive,2024-12-09 16:00:01.938486+00,283000
,,2022-08-05 04:00:00+00,1827,negative,2024-12-09 16:00:01.938486+00,283001
,,2020-05-21 04:00:00+00,2127,negative,2024-12-09 16:00:01.938486+00,283002
,,2024-03-24 04:00:00+00,121,negative,2024-12-09 16:00:01.938486+00,283003
,,2020-09-11 04:00:00+00,132,positive,2024-12-09 16:00:01.938486+00,283004
,,2021-07-12 04:00:00+00,3616,negative,2024-12-09 16:00:01.938486+00,283005
,,2022-04-04 04:00:00+00,244,positive,2024-12-09 16:00:01.938486+00,283006
,,2023-11-12 05:00:00+00,61,positive,2024-12-09 16:00:01.938486+00,283007
,,2022-07-22 04:00:00+00,338,positive,2024-12-09 16:00:01.938486+00,283008
,,2020-09-29 04:00:00+00,4396,negative,2024-12-09 16:00:01.938486+00,283009
,,2021-11-14 05:00:00+00,2251,negative,2024-12-09 16:00:01.938486+00,283010
,,2022-03-17 04:00:00+00,3467,negative,2024-12-09 16:00:01.938486+00,283011
,,2021-06-28 04:00:00+00,24,positive,2024-12-09 16:00:01.938486+00,283012
,,2024-04-07 04:00:00+00,18,positive,2024-12-09 16:00:01.938486+00,283013
,,2020-06-04 04:00:00+00,116,positive,2024-12-09 16:00:01.938486+00,283014
,,2023-11-30 05:00:00+00,258,negative,2024-12-09 16:00:01.938486+00,283015
,,2023-03-23 04:00:00+00,924,negative,2024-12-09 16:00:01.938486+00,283016
,,2021-06-24 04:00:00+00,3290,negative,2024-12-09 16:00:01.938486+00,283017
,,2021-02-03 05:00:00+00,473,positive,2024-12-09 16:00:01.938486+00,283018
,,2024-04-19 04:00:00+00,171,negative,2024-12-09 16:00:01.938486+00,283019
,,2023-07-22 04:00:00+00,24,positive,2024-12-09 16:00:01.938486+00,283020
,,2022-06-28 04:00:00+00,1789,negative,2024-12-09 16:00:01.938486+00,283021
,,2021-10-05 04:00:00+00,389,positive,2024-12-09 16:00:01.938486+00,283022
,,2020-06-28 04:00:00+00,2080,negative,2024-12-09 16:00:01.938486+00,283023
,,2022-02-15 05:00:00+00,7981,negative,2024-12-09 16:00:01.938486+00,283024
,,2022-10-19 04:00:00+00,185,positive,2024-12-09 16:00:01.938486+00,283025
,,2024-01-09 05:00:00+00,165,positive,2024-12-09 16:00:01.938486+00,283026
,,2023-08-19 04:00:00+00,94,negative,2024-12-09 16:00:01.938486+00,283027
,,2022-03-26 04:00:00+00,53,positive,2024-12-09 16:00:01.938486+00,283028
,,2024-03-15 04:00:00+00,183,negative,2024-12-09 16:00:01.938486+00,283029
,,2021-07-23 04:00:00+00,3267,negative,2024-12-09 16:00:01.938486+00,283030
,,2023-11-21 05:00:00+00,112,positive,2024-12-09 16:00:01.938486+00,283031
,,2022-08-14 04:00:00+00,1170,negative,2024-12-09 16:00:01.938486+00,283032
,,2021-11-21 05:00:00+00,186,positive,2024-12-09 16:00:01.938486+00,283033
,,2020-05-10 04:00:00+00,896,negative,2024-12-09 16:00:01.938486+00,283034
,,2020-09-22 04:00:00+00,109,positive,2024-12-09 16:00:01.938486+00,283035
,,2023-05-11 04:00:00+00,447,negative,2024-12-09 16:00:01.938486+00,283036
,,2022-12-25 05:00:00+00,96,positive,2024-12-09 16:00:01.938486+00,283037
,,2021-03-28 04:00:00+00,390,positive,2024-12-09 16:00:01.938486+00,283038
,,2020-11-23 05:00:00+00,7600,negative,2024-12-09 16:00:01.938486+00,283039
,,2020-07-27 04:00:00+00,157,positive,2024-12-09 16:00:01.938486+00,283040
,,2020-04-01 04:00:00+00,993,negative,2024-12-09 16:00:01.938486+00,283041
,,2022-01-17 05:00:00+00,1471,positive,2024-12-09 16:00:01.938486+00,283042
,,2021-08-31 04:00:00+00,7988,negative,2024-12-09 16:00:01.938486+00,283043
,,2023-09-27 04:00:00+00,118,positive,2024-12-09 16:00:01.938486+00,283044
,,2022-05-20 04:00:00+00,425,positive,2024-12-09 16:00:01.938486+00,283045
,,2024-02-03 05:00:00+00,185,negative,2024-12-09 16:00:01.938486+00,283046
,,2022-09-24 04:00:00+00,1093,negative,2024-12-09 16:00:01.938486+00,283047
,,2023-01-13 05:00:00+00,211,positive,2024-12-09 16:00:01.938486+00,283048
,,2020-12-12 05:00:00+00,6115,negative,2024-12-09 16:00:01.938486+00,283049
,,2021-04-10 04:00:00+00,488,positive,2024-12-09 16:00:01.938486+00,283050
,,2023-05-24 04:00:00+00,130,negative,2024-12-09 16:00:01.938486+00,283051
,,2020-05-04 04:00:00+00,465,positive,2024-12-09 16:00:01.938486+00,283052
,,2024-03-09 05:00:00+00,27,positive,2024-12-09 16:00:01.938486+00,283053
,,2021-12-17 05:00:00+00,10978,negative,2024-12-09 16:00:01.938486+00,283054
,,2023-10-26 04:00:00+00,164,negative,2024-12-09 16:00:01.938486+00,283055
,,2020-08-27 04:00:00+00,3529,negative,2024-12-09 16:00:01.938486+00,283056
,,2022-08-20 04:00:00+00,203,positive,2024-12-09 16:00:01.938486+00,283057
,,2021-07-29 04:00:00+00,225,positive,2024-12-09 16:00:01.938486+00,283058
,,2022-04-21 04:00:00+00,4043,negative,2024-12-09 16:00:01.938486+00,283059
,,2021-03-17 04:00:00+00,7135,negative,2024-12-09 16:00:01.938486+00,283060
,,2023-04-14 04:00:00+00,36,positive,2024-12-09 16:00:01.938486+00,283061
,,2020-11-02 05:00:00+00,546,positive,2024-12-09 16:00:01.938486+00,283062
,,2022-12-20 05:00:00+00,1931,negative,2024-12-09 16:00:01.938486+00,283063
,,2021-03-10 05:00:00+00,4904,negative,2024-12-09 16:00:01.938486+00,283064
,,2023-04-27 04:00:00+00,18,positive,2024-12-09 16:00:01.938486+00,283065
,,2020-11-09 05:00:00+00,1025,positive,2024-12-09 16:00:01.938486+00,283066
,,2022-12-07 05:00:00+00,1907,negative,2024-12-09 16:00:01.938486+00,283067
,,2024-04-04 04:00:00+00,28,positive,2024-12-09 16:00:01.938486+00,283068
,,2020-05-22 04:00:00+00,243,positive,2024-12-09 16:00:01.938486+00,283069
,,2022-07-25 04:00:00+00,456,positive,2024-12-09 16:00:01.938486+00,283070
,,2021-11-01 04:00:00+00,10718,negative,2024-12-09 16:00:01.938486+00,283071
,,2022-03-14 04:00:00+00,5642,negative,2024-12-09 16:00:01.938486+00,283072
,,2023-12-03 05:00:00+00,127,negative,2024-12-09 16:00:01.938486+00,283073
,,2021-07-11 04:00:00+00,56,positive,2024-12-09 16:00:01.938486+00,283074
,,2020-10-12 04:00:00+00,4440,negative,2024-12-09 16:00:01.938486+00,283075
,,2022-11-27 05:00:00+00,163,positive,2024-12-09 16:00:01.938486+00,283076
,,2020-10-26 04:00:00+00,5137,negative,2024-12-09 16:00:01.938486+00,283077
,,2021-02-20 05:00:00+00,227,positive,2024-12-09 16:00:01.938486+00,283078
,,2023-04-05 04:00:00+00,657,negative,2024-12-09 16:00:01.938486+00,283079
,,2020-07-05 04:00:00+00,66,positive,2024-12-09 16:00:01.938486+00,283080
,,2023-08-28 04:00:00+00,115,positive,2024-12-09 16:00:01.938486+00,283081
,,2022-06-19 04:00:00+00,160,positive,2024-12-09 16:00:01.938486+00,283082
,,2022-10-28 04:00:00+00,1555,negative,2024-12-09 16:00:01.938486+00,283083
,,2023-12-31 05:00:00+00,176,negative,2024-12-09 16:00:01.938486+00,283084
,,2021-10-12 04:00:00+00,11036,negative,2024-12-09 16:00:01.938486+00,283085
,,2022-02-08 05:00:00+00,276,positive,2024-12-09 16:00:01.938486+00,283086
,,2021-03-31 04:00:00+00,628,positive,2024-12-09 16:00:01.938486+00,283087
,,2023-01-03 05:00:00+00,377,positive,2024-12-09 16:00:01.938486+00,283088
,,2020-11-20 05:00:00+00,10107,negative,2024-12-09 16:00:01.938486+00,283089
,,2023-05-02 04:00:00+00,635,negative,2024-12-09 16:00:01.938486+00,283090
,,2023-10-06 04:00:00+00,68,positive,2024-12-09 16:00:01.938486+00,283091
,,2022-05-11 04:00:00+00,571,positive,2024-12-09 16:00:01.938486+00,283092
,,2020-04-14 04:00:00+00,750,negative,2024-12-09 16:00:01.938486+00,283093
,,2020-08-15 04:00:00+00,87,positive,2024-12-09 16:00:01.938486+00,283094
,,2021-12-29 05:00:00+00,5732,positive,2024-12-09 16:00:01.938486+00,283095
,,2024-02-26 05:00:00+00,270,negative,2024-12-09 16:00:01.938486+00,283096
,,2021-08-18 04:00:00+00,3992,negative,2024-12-09 16:00:01.938486+00,283097
,,2022-09-01 04:00:00+00,1630,negative,2024-12-09 16:00:01.938486+00,283098
,,2020-08-05 04:00:00+00,5069,negative,2024-12-09 16:00:01.938486+00,283099
,,2022-05-13 04:00:00+00,3085,negative,2024-12-09 16:00:01.938486+00,283100
,,2022-10-01 04:00:00+00,113,positive,2024-12-09 16:00:01.938486+00,283101
,,2023-10-04 04:00:00+00,188,negative,2024-12-09 16:00:01.938486+00,283102
,,2022-01-08 05:00:00+00,4705,negative,2024-12-09 16:00:01.938486+00,283103
,,2020-03-23 04:00:00+00,168,positive,2024-12-09 16:00:01.938486+00,283104
,,2024-01-27 05:00:00+00,97,positive,2024-12-09 16:00:01.938486+00,283105
,,2021-09-09 04:00:00+00,363,positive,2024-12-09 16:00:01.938486+00,283106
,,2023-06-05 04:00:00+00,23,positive,2024-12-09 16:00:01.938486+00,283107
,,2023-02-02 05:00:00+00,1121,negative,2024-12-09 16:00:01.938486+00,283108
,,2021-05-08 04:00:00+00,5188,negative,2024-12-09 16:00:01.938486+00,283109
,,2020-12-16 05:00:00+00,699,positive,2024-12-09 16:00:01.938486+00,283110
,,2023-10-31 04:00:00+00,153,negative,2024-12-09 16:00:01.938486+00,283111
,,2024-03-04 05:00:00+00,45,positive,2024-12-09 16:00:01.938486+00,283112
,,2020-09-07 04:00:00+00,2062,negative,2024-12-09 16:00:01.938486+00,283113
,,2022-04-16 04:00:00+00,1494,negative,2024-12-09 16:00:01.938486+00,283114
,,2022-08-25 04:00:00+00,262,positive,2024-12-09 16:00:01.938486+00,283115
,,2020-04-23 04:00:00+00,453,positive,2024-12-09 16:00:01.938486+00,283116
,,2021-12-06 05:00:00+00,11504,negative,2024-12-09 16:00:01.938486+00,283117
,,2021-08-09 04:00:00+00,321,positive,2024-12-09 16:00:01.938486+00,283118
,,2021-07-27 04:00:00+00,3769,negative,2024-12-09 16:00:01.938486+00,283119
,,2020-05-06 04:00:00+00,1916,negative,2024-12-09 16:00:01.938486+00,283120
,,2023-11-17 05:00:00+00,94,positive,2024-12-09 16:00:01.938486+00,283121
,,2024-03-19 04:00:00+00,165,negative,2024-12-09 16:00:01.938486+00,283122
,,2022-03-30 04:00:00+00,142,positive,2024-12-09 16:00:01.938486+00,283123
,,2022-08-10 04:00:00+00,1918,negative,2024-12-09 16:00:01.938486+00,283124
,,2021-11-17 05:00:00+00,364,positive,2024-12-09 16:00:01.938486+00,283125
,,2020-09-26 04:00:00+00,78,positive,2024-12-09 16:00:01.938486+00,283126
,,2022-03-02 05:00:00+00,86,positive,2024-12-09 16:00:01.938486+00,283127
,,2022-07-11 04:00:00+00,480,positive,2024-12-09 16:00:01.938486+00,283128
,,2022-11-07 05:00:00+00,1971,negative,2024-12-09 16:00:01.938486+00,283129
,,2020-06-13 04:00:00+00,75,positive,2024-12-09 16:00:01.938486+00,283130
,,2023-12-21 05:00:00+00,256,negative,2024-12-09 16:00:01.938486+00,283131
,,2023-08-06 04:00:00+00,38,positive,2024-12-09 16:00:01.938486+00,283132
,,2021-10-22 04:00:00+00,10136,negative,2024-12-09 16:00:01.938486+00,283133
,,2021-06-15 04:00:00+00,29,positive,2024-12-09 16:00:01.938486+00,283134
,,2024-04-30 04:00:00+00,36,positive,2024-12-09 16:00:01.938486+00,283135
,,2023-08-02 04:00:00+00,121,negative,2024-12-09 16:00:01.938486+00,283136
,,2021-02-12 05:00:00+00,7063,negative,2024-12-09 16:00:01.938486+00,283137
,,2023-03-12 05:00:00+00,40,positive,2024-12-09 16:00:01.938486+00,283138
,,2022-03-21 04:00:00+00,4263,negative,2024-12-09 16:00:01.938486+00,283139
,,2021-07-02 04:00:00+00,30,positive,2024-12-09 16:00:01.938486+00,283140
,,2022-07-18 04:00:00+00,490,positive,2024-12-09 16:00:01.938486+00,283141
,,2020-05-31 04:00:00+00,61,positive,2024-12-09 16:00:01.938486+00,283142
,,2021-11-10 05:00:00+00,10737,negative,2024-12-09 16:00:01.938486+00,283143
,,2020-10-03 04:00:00+00,3658,negative,2024-12-09 16:00:01.938486+00,283144
,,2023-11-26 05:00:00+00,128,negative,2024-12-09 16:00:01.938486+00,283145
,,2024-04-11 04:00:00+00,19,positive,2024-12-09 16:00:01.938486+00,283146
,,2024-01-05 05:00:00+00,238,negative,2024-12-09 16:00:01.938486+00,283147
,,2022-06-24 04:00:00+00,263,positive,2024-12-09 16:00:01.938486+00,283148
,,2022-02-19 05:00:00+00,70,positive,2024-12-09 16:00:01.938486+00,283149
,,2021-10-01 04:00:00+00,9145,negative,2024-12-09 16:00:01.938486+00,283150
,,2020-06-24 04:00:00+00,150,positive,2024-12-09 16:00:01.938486+00,283151
,,2022-10-23 04:00:00+00,2349,negative,2024-12-09 16:00:01.938486+00,283152
,,2023-08-23 04:00:00+00,70,positive,2024-12-09 16:00:01.938486+00,283153
,,2023-06-24 04:00:00+00,11,positive,2024-12-09 16:00:01.938486+00,283154
,,2023-02-15 05:00:00+00,1226,negative,2024-12-09 16:00:01.938486+00,283155
,,2021-05-11 04:00:00+00,11974,negative,2024-12-09 16:00:01.938486+00,283156
,,2021-01-14 05:00:00+00,581,positive,2024-12-09 16:00:01.938486+00,283157
,,2023-01-28 05:00:00+00,149,positive,2024-12-09 16:00:01.938486+00,283158
,,2023-06-10 04:00:00+00,102,negative,2024-12-09 16:00:01.938486+00,283159
,,2020-12-31 05:00:00+00,7386,negative,2024-12-09 16:00:01.938486+00,283160
,,2021-04-23 04:00:00+00,483,positive,2024-12-09 16:00:01.938486+00,283161
,,2023-06-13 04:00:00+00,8,positive,2024-12-09 16:00:01.938486+00,283162
,,2023-01-25 05:00:00+00,1205,negative,2024-12-09 16:00:01.938486+00,283163
,,2021-04-30 04:00:00+00,10164,negative,2024-12-09 16:00:01.938486+00,283164
,,2020-12-24 05:00:00+00,552,positive,2024-12-09 16:00:01.938486+00,283165
,,2022-01-08 05:00:00+00,2017,positive,2024-12-09 16:00:01.938486+00,283166
,,2020-03-23 04:00:00+00,474,negative,2024-12-09 16:00:01.938486+00,283167
,,2024-01-27 05:00:00+00,214,negative,2024-12-09 16:00:01.938486+00,283168
,,2021-09-09 04:00:00+00,10034,negative,2024-12-09 16:00:01.938486+00,283169
,,2022-05-13 04:00:00+00,470,positive,2024-12-09 16:00:01.938486+00,283170
,,2020-08-05 04:00:00+00,196,positive,2024-12-09 16:00:01.938486+00,283171
,,2023-10-04 04:00:00+00,91,positive,2024-12-09 16:00:01.938486+00,283172
,,2022-10-01 04:00:00+00,1045,negative,2024-12-09 16:00:01.938486+00,283173
,,2023-06-19 04:00:00+00,18,positive,2024-12-09 16:00:01.938486+00,283174
,,2021-05-18 04:00:00+00,6876,negative,2024-12-09 16:00:01.938486+00,283175
,,2023-02-20 05:00:00+00,969,negative,2024-12-09 16:00:01.938486+00,283176
,,2021-01-07 05:00:00+00,690,positive,2024-12-09 16:00:01.938486+00,283177
,,2023-04-18 04:00:00+00,649,negative,2024-12-09 16:00:01.938486+00,283178
,,2020-10-29 04:00:00+00,6425,negative,2024-12-09 16:00:01.938486+00,283179
,,2021-03-21 04:00:00+00,319,positive,2024-12-09 16:00:01.938486+00,283180
,,2022-12-16 05:00:00+00,268,positive,2024-12-09 16:00:01.938486+00,283181
,,2021-02-15 05:00:00+00,327,positive,2024-12-09 16:00:01.938486+00,283182
,,2023-07-26 04:00:00+00,37,positive,2024-12-09 16:00:01.938486+00,283183
,,2024-04-23 04:00:00+00,134,negative,2024-12-09 16:00:01.938486+00,283184
,,2021-06-12 04:00:00+00,2130,negative,2024-12-09 16:00:01.938486+00,283185
,,2023-03-19 04:00:00+00,667,negative,2024-12-09 16:00:01.938486+00,283186
,,2020-06-08 04:00:00+00,1842,negative,2024-12-09 16:00:01.938486+00,283187
,,2021-10-17 04:00:00+00,145,positive,2024-12-09 16:00:01.938486+00,283188
,,2023-12-20 05:00:00+00,157,positive,2024-12-09 16:00:01.938486+00,283189
,,2022-11-08 05:00:00+00,191,positive,2024-12-09 16:00:01.938486+00,283190
,,2023-08-07 04:00:00+00,164,negative,2024-12-09 16:00:01.938486+00,283191
,,2022-03-07 05:00:00+00,5220,negative,2024-12-09 16:00:01.938486+00,283192
,,2022-07-10 04:00:00+00,1201,negative,2024-12-09 16:00:01.938486+00,283193
,,2021-07-20 04:00:00+00,99,positive,2024-12-09 16:00:01.938486+00,283194
,,2022-08-13 04:00:00+00,188,positive,2024-12-09 16:00:01.938486+00,283195
,,2022-03-27 04:00:00+00,1229,negative,2024-12-09 16:00:01.938486+00,283196
,,2020-05-13 04:00:00+00,288,positive,2024-12-09 16:00:01.938486+00,283197
,,2023-11-20 05:00:00+00,175,negative,2024-12-09 16:00:01.938486+00,283198
,,2021-11-24 05:00:00+00,7622,negative,2024-12-09 16:00:01.938486+00,283199
,,2020-09-19 04:00:00+00,3770,negative,2024-12-09 16:00:01.938486+00,283200
,,2024-03-16 04:00:00+00,21,positive,2024-12-09 16:00:01.938486+00,283201
,,2022-12-07 05:00:00+00,258,positive,2024-12-09 16:00:01.938486+00,283202
,,2023-04-27 04:00:00+00,573,negative,2024-12-09 16:00:01.938486+00,283203
,,2021-03-10 05:00:00+00,311,positive,2024-12-09 16:00:01.938486+00,283204
,,2020-11-09 05:00:00+00,5225,negative,2024-12-09 16:00:01.938486+00,283205
,,2022-01-29 05:00:00+00,118,positive,2024-12-09 16:00:01.938486+00,283206
,,2022-06-09 04:00:00+00,379,positive,2024-12-09 16:00:01.938486+00,283207
,,2020-07-15 04:00:00+00,177,positive,2024-12-09 16:00:01.938486+00,283208
,,2022-10-06 04:00:00+00,1747,negative,2024-12-09 16:00:01.938486+00,283209
,,2023-09-07 04:00:00+00,126,positive,2024-12-09 16:00:01.938486+00,283210
,,2024-01-22 05:00:00+00,190,negative,2024-12-09 16:00:01.938486+00,283211
,,2021-09-20 04:00:00+00,10867,negative,2024-12-09 16:00:01.938486+00,283212
,,2023-01-31 05:00:00+00,268,positive,2024-12-09 16:00:01.938486+00,283213
,,2020-12-18 05:00:00+00,8284,negative,2024-12-09 16:00:01.938486+00,283214
,,2021-05-06 04:00:00+00,273,positive,2024-12-09 16:00:01.938486+00,283215
,,2023-06-07 04:00:00+00,123,negative,2024-12-09 16:00:01.938486+00,283216
,,2024-02-19 05:00:00+00,107,positive,2024-12-09 16:00:01.938486+00,283217
,,2022-05-04 04:00:00+00,3294,negative,2024-12-09 16:00:01.938486+00,283218
,,2023-10-13 04:00:00+00,188,negative,2024-12-09 16:00:01.938486+00,283219
,,2022-01-01 05:00:00+00,1978,negative,2024-12-09 16:00:01.938486+00,283220
,,2020-04-17 04:00:00+00,471,positive,2024-12-09 16:00:01.938486+00,283221
,,2022-09-08 04:00:00+00,264,positive,2024-12-09 16:00:01.938486+00,283222
,,2020-08-12 04:00:00+00,4623,negative,2024-12-09 16:00:01.938486+00,283223
,,2021-08-15 04:00:00+00,211,positive,2024-12-09 16:00:01.938486+00,283224
,,2023-05-03 04:00:00+00,15,positive,2024-12-09 16:00:01.938486+00,283225
,,2021-04-05 04:00:00+00,9943,negative,2024-12-09 16:00:01.938486+00,283226
,,2023-01-02 05:00:00+00,1039,negative,2024-12-09 16:00:01.938486+00,283227
,,2020-11-15 05:00:00+00,514,positive,2024-12-09 16:00:01.938486+00,283228
,,2021-10-11 04:00:00+00,277,positive,2024-12-09 16:00:01.938486+00,283229
,,2022-06-14 04:00:00+00,2332,negative,2024-12-09 16:00:01.938486+00,283230
,,2023-09-02 04:00:00+00,114,negative,2024-12-09 16:00:01.938486+00,283231
,,2020-07-04 04:00:00+00,1510,negative,2024-12-09 16:00:01.938486+00,283232
,,2022-11-02 04:00:00+00,241,positive,2024-12-09 16:00:01.938486+00,283233
,,2022-02-09 05:00:00+00,7773,negative,2024-12-09 16:00:01.938486+00,283234
,,2023-12-26 05:00:00+00,192,positive,2024-12-09 16:00:01.938486+00,283235
,,2020-09-22 04:00:00+00,4027,negative,2024-12-09 16:00:01.938486+00,283236
,,2024-03-15 04:00:00+00,36,positive,2024-12-09 16:00:01.938486+00,283237
,,2023-11-21 05:00:00+00,155,negative,2024-12-09 16:00:01.938486+00,283238
,,2021-07-23 04:00:00+00,130,positive,2024-12-09 16:00:01.938486+00,283239
,,2021-11-21 05:00:00+00,2791,negative,2024-12-09 16:00:01.938486+00,283240
,,2022-08-14 04:00:00+00,197,positive,2024-12-09 16:00:01.938486+00,283241
,,2022-03-26 04:00:00+00,1555,negative,2024-12-09 16:00:01.938486+00,283242
,,2020-05-10 04:00:00+00,78,positive,2024-12-09 16:00:01.938486+00,283243
,,2023-03-31 04:00:00+00,679,negative,2024-12-09 16:00:01.938486+00,283244
,,2020-10-19 04:00:00+00,4406,negative,2024-12-09 16:00:01.938486+00,283245
,,2022-12-02 05:00:00+00,200,positive,2024-12-09 16:00:01.938486+00,283246
,,2021-02-27 05:00:00+00,181,positive,2024-12-09 16:00:01.938486+00,283247
,,2020-10-10 04:00:00+00,134,positive,2024-12-09 16:00:01.938486+00,283248
,,2021-11-03 04:00:00+00,244,positive,2024-12-09 16:00:01.938486+00,283249
,,2020-05-24 04:00:00+00,1486,negative,2024-12-09 16:00:01.938486+00,283250
,,2024-04-06 04:00:00+00,148,negative,2024-12-09 16:00:01.938486+00,283251
,,2022-07-23 04:00:00+00,1347,negative,2024-12-09 16:00:01.938486+00,283252
,,2021-07-09 04:00:00+00,2930,negative,2024-12-09 16:00:01.938486+00,283253
,,2023-12-01 05:00:00+00,100,positive,2024-12-09 16:00:01.938486+00,283254
,,2022-03-16 04:00:00+00,66,positive,2024-12-09 16:00:01.938486+00,283255
,,2020-11-01 04:00:00+00,4864,negative,2024-12-09 16:00:01.938486+00,283256
,,2021-03-18 04:00:00+00,475,positive,2024-12-09 16:00:01.938486+00,283257
,,2022-12-15 05:00:00+00,213,positive,2024-12-09 16:00:01.938486+00,283258
,,2023-04-19 04:00:00+00,614,negative,2024-12-09 16:00:01.938486+00,283259
,,2022-04-22 04:00:00+00,211,positive,2024-12-09 16:00:01.938486+00,283260
,,2020-09-01 04:00:00+00,161,positive,2024-12-09 16:00:01.938486+00,283261
,,2023-10-25 04:00:00+00,71,positive,2024-12-09 16:00:01.938486+00,283262
,,2021-12-12 05:00:00+00,315,positive,2024-12-09 16:00:01.938486+00,283263
,,2022-08-19 04:00:00+00,1615,negative,2024-12-09 16:00:01.938486+00,283264
,,2020-04-29 04:00:00+00,1665,negative,2024-12-09 16:00:01.938486+00,283265
,,2021-08-03 04:00:00+00,4125,negative,2024-12-09 16:00:01.938486+00,283266
,,2024-03-10 05:00:00+00,144,negative,2024-12-09 16:00:01.938486+00,283267
,,2020-12-11 05:00:00+00,939,positive,2024-12-09 16:00:01.938486+00,283268
,,2023-05-29 04:00:00+00,12,positive,2024-12-09 16:00:01.938486+00,283269
,,2023-01-08 05:00:00+00,740,negative,2024-12-09 16:00:01.938486+00,283270
,,2021-04-11 04:00:00+00,3750,negative,2024-12-09 16:00:01.938486+00,283271
,,2021-04-27 04:00:00+00,11456,negative,2024-12-09 16:00:01.938486+00,283272
,,2023-06-14 04:00:00+00,15,positive,2024-12-09 16:00:01.938486+00,283273
,,2023-01-24 05:00:00+00,1257,negative,2024-12-09 16:00:01.938486+00,283274
,,2020-12-27 05:00:00+00,307,positive,2024-12-09 16:00:01.938486+00,283275
,,2021-08-28 04:00:00+00,286,positive,2024-12-09 16:00:01.938486+00,283276
,,2021-12-19 05:00:00+00,3658,negative,2024-12-09 16:00:01.938486+00,283277
,,2023-10-16 04:00:00+00,151,negative,2024-12-09 16:00:01.938486+00,283278
,,2020-08-25 04:00:00+00,3535,negative,2024-12-09 16:00:01.938486+00,283279
,,2020-04-04 04:00:00+00,306,positive,2024-12-09 16:00:01.938486+00,283280
,,2024-02-16 05:00:00+00,90,positive,2024-12-09 16:00:01.938486+00,283281
,,2022-05-01 04:00:00+00,1408,negative,2024-12-09 16:00:01.938486+00,283282
,,2022-09-11 04:00:00+00,143,positive,2024-12-09 16:00:01.938486+00,283283
,,2021-03-25 04:00:00+00,9529,negative,2024-12-09 16:00:01.938486+00,283284
,,2020-11-26 05:00:00+00,296,positive,2024-12-09 16:00:01.938486+00,283285
,,2022-12-28 05:00:00+00,1216,negative,2024-12-09 16:00:01.938486+00,283286
,,2023-05-08 04:00:00+00,29,positive,2024-12-09 16:00:01.938486+00,283287
,,2022-10-26 04:00:00+00,1769,negative,2024-12-09 16:00:01.938486+00,283288
,,2022-02-18 05:00:00+00,109,positive,2024-12-09 16:00:01.938486+00,283289
,,2024-01-02 05:00:00+00,276,negative,2024-12-09 16:00:01.938486+00,283290
,,2020-06-25 04:00:00+00,150,positive,2024-12-09 16:00:01.938486+00,283291
,,2023-08-26 04:00:00+00,48,positive,2024-12-09 16:00:01.938486+00,283292
,,2021-10-02 04:00:00+00,3114,negative,2024-12-09 16:00:01.938486+00,283293
,,2022-06-21 04:00:00+00,358,positive,2024-12-09 16:00:01.938486+00,283294
,,2024-04-18 04:00:00+00,14,positive,2024-12-09 16:00:01.938486+00,283295
,,2021-06-19 04:00:00+00,23,positive,2024-12-09 16:00:01.938486+00,283296
,,2023-07-21 04:00:00+00,57,negative,2024-12-09 16:00:01.938486+00,283297
,,2021-02-08 05:00:00+00,7757,negative,2024-12-09 16:00:01.938486+00,283298
,,2023-03-24 04:00:00+00,47,positive,2024-12-09 16:00:01.938486+00,283299
,,2022-03-24 04:00:00+00,83,positive,2024-12-09 16:00:01.938486+00,283300
,,2021-07-01 04:00:00+00,2919,negative,2024-12-09 16:00:01.938486+00,283301
,,2020-10-02 04:00:00+00,150,positive,2024-12-09 16:00:01.938486+00,283302
,,2020-06-01 04:00:00+00,1583,negative,2024-12-09 16:00:01.938486+00,283303
,,2023-11-23 05:00:00+00,54,positive,2024-12-09 16:00:01.938486+00,283304
,,2021-11-11 05:00:00+00,279,positive,2024-12-09 16:00:01.938486+00,283305
,,2022-07-15 04:00:00+00,2072,negative,2024-12-09 16:00:01.938486+00,283306
,,2024-04-14 04:00:00+00,118,negative,2024-12-09 16:00:01.938486+00,283307
,,2023-03-31 04:00:00+00,34,positive,2024-12-09 16:00:01.938486+00,283308
,,2020-10-19 04:00:00+00,276,positive,2024-12-09 16:00:01.938486+00,283309
,,2022-12-02 05:00:00+00,1762,negative,2024-12-09 16:00:01.938486+00,283310
,,2021-02-27 05:00:00+00,5507,negative,2024-12-09 16:00:01.938486+00,283311
,,2023-03-01 05:00:00+00,1054,negative,2024-12-09 16:00:01.938486+00,283312
,,2021-05-25 04:00:00+00,9622,negative,2024-12-09 16:00:01.938486+00,283313
,,2021-02-01 05:00:00+00,138,positive,2024-12-09 16:00:01.938486+00,283314
,,2023-07-12 04:00:00+00,26,positive,2024-12-09 16:00:01.938486+00,283315
,,2022-10-11 04:00:00+00,196,positive,2024-12-09 16:00:01.938486+00,283316
,,2022-06-04 04:00:00+00,1506,negative,2024-12-09 16:00:01.938486+00,283317
,,2020-07-22 04:00:00+00,3981,negative,2024-12-09 16:00:01.938486+00,283318
,,2024-01-17 05:00:00+00,124,positive,2024-12-09 16:00:01.938486+00,283319
,,2023-09-12 04:00:00+00,118,negative,2024-12-09 16:00:01.938486+00,283320
,,2022-01-22 05:00:00+00,3940,negative,2024-12-09 16:00:01.938486+00,283321
,,2021-09-27 04:00:00+00,287,positive,2024-12-09 16:00:01.938486+00,283322
,,2022-09-06 04:00:00+00,1819,negative,2024-12-09 16:00:01.938486+00,283323
,,2022-05-06 04:00:00+00,345,positive,2024-12-09 16:00:01.938486+00,283324
,,2024-02-21 05:00:00+00,231,negative,2024-12-09 16:00:01.938486+00,283325
,,2020-08-10 04:00:00+00,160,positive,2024-12-09 16:00:01.938486+00,283326
,,2021-08-13 04:00:00+00,3800,negative,2024-12-09 16:00:01.938486+00,283327
,,2020-04-19 04:00:00+00,586,negative,2024-12-09 16:00:01.938486+00,283328
,,2022-01-03 05:00:00+00,6102,positive,2024-12-09 16:00:01.938486+00,283329
,,2023-10-11 04:00:00+00,63,positive,2024-12-09 16:00:01.938486+00,283330
,,2022-09-30 04:00:00+00,196,positive,2024-12-09 16:00:01.938486+00,283331
,,2023-10-03 04:00:00+00,165,negative,2024-12-09 16:00:01.938486+00,283332
,,2022-01-11 05:00:00+00,10321,negative,2024-12-09 16:00:01.938486+00,283333
,,2022-05-14 04:00:00+00,1595,negative,2024-12-09 16:00:01.938486+00,283334
,,2024-01-28 05:00:00+00,81,positive,2024-12-09 16:00:01.938486+00,283335
,,2020-08-02 04:00:00+00,2867,negative,2024-12-09 16:00:01.938486+00,283336
,,2020-03-26 04:00:00+00,318,positive,2024-12-09 16:00:01.938486+00,283337
,,2021-09-06 04:00:00+00,155,positive,2024-12-09 16:00:01.938486+00,283338
,,2023-06-16 04:00:00+00,89,negative,2024-12-09 16:00:01.938486+00,283339
,,2021-01-06 05:00:00+00,7738,negative,2024-12-09 16:00:01.938486+00,283340
,,2021-05-19 04:00:00+00,142,positive,2024-12-09 16:00:01.938486+00,283341
,,2023-02-23 05:00:00+00,146,positive,2024-12-09 16:00:01.938486+00,283342
,,2024-01-22 05:00:00+00,155,positive,2024-12-09 16:00:01.938486+00,283343
,,2022-01-29 05:00:00+00,1227,negative,2024-12-09 16:00:01.938486+00,283344
,,2020-07-15 04:00:00+00,3299,negative,2024-12-09 16:00:01.938486+00,283345
,,2021-09-20 04:00:00+00,397,positive,2024-12-09 16:00:01.938486+00,283346
,,2022-10-06 04:00:00+00,218,positive,2024-12-09 16:00:01.938486+00,283347
,,2022-06-09 04:00:00+00,2663,negative,2024-12-09 16:00:01.938486+00,283348
,,2023-09-07 04:00:00+00,259,negative,2024-12-09 16:00:01.938486+00,283349
,,2023-08-29 04:00:00+00,110,positive,2024-12-09 16:00:01.938486+00,283350
,,2021-10-15 04:00:00+00,9075,negative,2024-12-09 16:00:01.938486+00,283351
,,2022-10-29 04:00:00+00,1020,negative,2024-12-09 16:00:01.938486+00,283352
,,2022-02-05 05:00:00+00,167,positive,2024-12-09 16:00:01.938486+00,283353
,,2023-12-30 05:00:00+00,235,negative,2024-12-09 16:00:01.938486+00,283354
,,2020-07-08 04:00:00+00,173,positive,2024-12-09 16:00:01.938486+00,283355
,,2022-06-18 04:00:00+00,175,positive,2024-12-09 16:00:01.938486+00,283356
,,2023-12-16 05:00:00+00,82,positive,2024-12-09 16:00:01.938486+00,283357
,,2021-10-29 04:00:00+00,193,positive,2024-12-09 16:00:01.938486+00,283358
,,2022-02-23 05:00:00+00,8151,negative,2024-12-09 16:00:01.938486+00,283359
,,2022-07-06 04:00:00+00,2173,negative,2024-12-09 16:00:01.938486+00,283360
,,2022-11-12 05:00:00+00,120,positive,2024-12-09 16:00:01.938486+00,283361
,,2023-08-11 04:00:00+00,128,negative,2024-12-09 16:00:01.938486+00,283362
,,2020-06-20 04:00:00+00,2432,negative,2024-12-09 16:00:01.938486+00,283363
,,2023-06-03 04:00:00+00,13,positive,2024-12-09 16:00:01.938486+00,284460
,,2020-03-30 04:00:00+00,607,negative,2024-12-09 16:00:01.938486+00,284461
,,2022-01-15 05:00:00+00,880,positive,2024-12-09 16:00:01.938486+00,284462
,,2024-02-09 05:00:00+00,214,negative,2024-12-09 16:00:01.938486+00,284463
,,2022-09-18 04:00:00+00,1016,negative,2024-12-09 16:00:01.938486+00,284464
,,2023-09-21 04:00:00+00,105,positive,2024-12-09 16:00:01.938486+00,284465
,,2022-05-26 04:00:00+00,471,positive,2024-12-09 16:00:01.938486+00,284466
,,2020-07-29 04:00:00+00,174,positive,2024-12-09 16:00:01.938486+00,284467
,,2021-09-02 04:00:00+00,6297,negative,2024-12-09 16:00:01.938486+00,284468
,,2023-06-02 04:00:00+00,15,positive,2024-12-09 16:00:01.938486+00,284469
,,2021-05-01 04:00:00+00,5426,negative,2024-12-09 16:00:01.938486+00,284470
,,2023-02-05 05:00:00+00,715,negative,2024-12-09 16:00:01.938486+00,284471
,,2020-12-23 05:00:00+00,841,positive,2024-12-09 16:00:01.938486+00,284472
,,2021-05-09 04:00:00+00,137,positive,2024-12-09 16:00:01.938486+00,284473
,,2021-01-16 05:00:00+00,6800,negative,2024-12-09 16:00:01.938486+00,284474
,,2023-02-13 05:00:00+00,225,positive,2024-12-09 16:00:01.938486+00,284475
,,2023-06-26 04:00:00+00,74,negative,2024-12-09 16:00:01.938486+00,284476
,,2021-05-28 04:00:00+00,6872,negative,2024-12-09 16:00:01.938486+00,284477
,,2023-07-11 04:00:00+00,16,positive,2024-12-09 16:00:01.938486+00,284478
,,2023-03-02 05:00:00+00,1005,negative,2024-12-09 16:00:01.938486+00,284479
,,2021-01-29 05:00:00+00,427,positive,2024-12-09 16:00:01.938486+00,284480
,,2020-06-08 04:00:00+00,151,positive,2024-12-09 16:00:01.938486+00,284481
,,2023-08-07 04:00:00+00,59,positive,2024-12-09 16:00:01.938486+00,284482
,,2023-12-20 05:00:00+00,248,negative,2024-12-09 16:00:01.938486+00,284483
,,2022-11-08 05:00:00+00,1795,negative,2024-12-09 16:00:01.938486+00,284484
,,2022-07-10 04:00:00+00,256,positive,2024-12-09 16:00:01.938486+00,284485
,,2022-03-07 05:00:00+00,71,positive,2024-12-09 16:00:01.938486+00,284486
,,2021-10-17 04:00:00+00,2410,negative,2024-12-09 16:00:01.938486+00,284487
,,2022-03-12 05:00:00+00,1404,negative,2024-12-09 16:00:01.938486+00,284488
,,2020-05-28 04:00:00+00,174,positive,2024-12-09 16:00:01.938486+00,284489
,,2021-11-07 04:00:00+00,2214,negative,2024-12-09 16:00:01.938486+00,284490
,,2022-07-27 04:00:00+00,445,positive,2024-12-09 16:00:01.938486+00,284491
,,2023-12-05 05:00:00+00,170,negative,2024-12-09 16:00:01.938486+00,284492
,,2020-10-06 04:00:00+00,5106,negative,2024-12-09 16:00:01.938486+00,284493
,,2021-07-05 04:00:00+00,40,positive,2024-12-09 16:00:01.938486+00,284494
,,2024-04-02 04:00:00+00,23,positive,2024-12-09 16:00:01.938486+00,284495
,,2021-06-20 04:00:00+00,18,positive,2024-12-09 16:00:01.938486+00,284496
,,2023-03-27 04:00:00+00,44,positive,2024-12-09 16:00:01.938486+00,284497
,,2023-07-18 04:00:00+00,62,negative,2024-12-09 16:00:01.938486+00,284498
,,2024-04-15 04:00:00+00,16,positive,2024-12-09 16:00:01.938486+00,284499
,,2021-02-07 05:00:00+00,3384,negative,2024-12-09 16:00:01.938486+00,284500
,,2022-02-14 05:00:00+00,184,positive,2024-12-09 16:00:01.938486+00,284501
,,2021-10-06 04:00:00+00,10620,negative,2024-12-09 16:00:01.938486+00,284502
,,2020-06-29 04:00:00+00,153,positive,2024-12-09 16:00:01.938486+00,284503
,,2024-01-06 05:00:00+00,216,negative,2024-12-09 16:00:01.938486+00,284504
,,2022-10-22 04:00:00+00,1036,negative,2024-12-09 16:00:01.938486+00,284505
,,2023-08-22 04:00:00+00,61,positive,2024-12-09 16:00:01.938486+00,284506
,,2022-06-25 04:00:00+00,181,positive,2024-12-09 16:00:01.938486+00,284507
,,2023-11-02 04:00:00+00,77,positive,2024-12-09 16:00:01.938486+00,284508
,,2021-12-04 05:00:00+00,380,positive,2024-12-09 16:00:01.938486+00,284509
,,2022-04-14 04:00:00+00,325,positive,2024-12-09 16:00:01.938486+00,284510
,,2020-09-09 04:00:00+00,103,positive,2024-12-09 16:00:01.938486+00,284511
,,2022-08-27 04:00:00+00,1224,negative,2024-12-09 16:00:01.938486+00,284512
,,2024-03-02 05:00:00+00,160,negative,2024-12-09 16:00:01.938486+00,284513
,,2020-04-21 04:00:00+00,1112,negative,2024-12-09 16:00:01.938486+00,284514
,,2021-08-11 04:00:00+00,4717,negative,2024-12-09 16:00:01.938486+00,284515
,,2023-10-15 04:00:00+00,131,negative,2024-12-09 16:00:01.938486+00,284516
,,2020-04-07 04:00:00+00,598,positive,2024-12-09 16:00:01.938486+00,284517
,,2024-02-17 05:00:00+00,62,positive,2024-12-09 16:00:01.938486+00,284518
,,2022-09-10 04:00:00+00,112,positive,2024-12-09 16:00:01.938486+00,284519
,,2022-05-02 04:00:00+00,3525,negative,2024-12-09 16:00:01.938486+00,284520
,,2020-08-22 04:00:00+00,3300,negative,2024-12-09 16:00:01.938486+00,284521
,,2021-08-25 04:00:00+00,376,positive,2024-12-09 16:00:01.938486+00,284522
,,2021-12-22 05:00:00+00,12207,negative,2024-12-09 16:00:01.938486+00,284523
,,2023-01-28 05:00:00+00,780,negative,2024-12-09 16:00:01.938486+00,284524
,,2023-06-10 04:00:00+00,15,positive,2024-12-09 16:00:01.938486+00,284525
,,2020-12-31 05:00:00+00,547,positive,2024-12-09 16:00:01.938486+00,284526
,,2021-04-23 04:00:00+00,9414,negative,2024-12-09 16:00:01.938486+00,284527
,,2022-10-17 04:00:00+00,210,positive,2024-12-09 16:00:01.938486+00,284528
,,2024-01-11 05:00:00+00,175,positive,2024-12-09 16:00:01.938486+00,284529
,,2021-09-25 04:00:00+00,232,positive,2024-12-09 16:00:01.938486+00,284530
,,2023-09-18 04:00:00+00,128,negative,2024-12-09 16:00:01.938486+00,284531
,,2022-01-24 05:00:00+00,11662,negative,2024-12-09 16:00:01.938486+00,284532
,,2022-05-29 04:00:00+00,1343,negative,2024-12-09 16:00:01.938486+00,284533
,,2020-07-20 04:00:00+00,3273,negative,2024-12-09 16:00:01.938486+00,284534
,,2023-10-22 04:00:00+00,41,positive,2024-12-09 16:00:01.938486+00,284535
,,2020-04-30 04:00:00+00,1354,negative,2024-12-09 16:00:01.938486+00,284536
,,2021-12-13 05:00:00+00,792,positive,2024-12-09 16:00:01.938486+00,284537
,,2024-03-13 04:00:00+00,170,negative,2024-12-09 16:00:01.938486+00,284538
,,2022-04-25 04:00:00+00,298,positive,2024-12-09 16:00:01.938486+00,284539
,,2020-08-31 04:00:00+00,233,positive,2024-12-09 16:00:01.938486+00,284540
,,2022-08-16 04:00:00+00,1809,negative,2024-12-09 16:00:01.938486+00,284541
,,2021-08-02 04:00:00+00,4480,negative,2024-12-09 16:00:01.938486+00,284542
,,2023-04-15 04:00:00+00,420,negative,2024-12-09 16:00:01.938486+00,284543
,,2020-11-05 05:00:00+00,6662,negative,2024-12-09 16:00:01.938486+00,284544
,,2021-03-14 05:00:00+00,210,positive,2024-12-09 16:00:01.938486+00,284545
,,2022-12-19 05:00:00+00,262,positive,2024-12-09 16:00:01.938486+00,284546
,,2023-08-12 04:00:00+00,39,positive,2024-12-09 16:00:01.938486+00,284547
,,2022-11-13 05:00:00+00,1160,negative,2024-12-09 16:00:01.938486+00,284548
,,2022-07-05 04:00:00+00,468,positive,2024-12-09 16:00:01.938486+00,284549
,,2021-10-28 04:00:00+00,11272,negative,2024-12-09 16:00:01.938486+00,284550
,,2020-06-19 04:00:00+00,127,positive,2024-12-09 16:00:01.938486+00,284551
,,2023-12-15 05:00:00+00,198,negative,2024-12-09 16:00:01.938486+00,284552
,,2022-02-24 05:00:00+00,119,positive,2024-12-09 16:00:01.938486+00,284553
,,2023-04-04 04:00:00+00,662,negative,2024-12-09 16:00:01.938486+00,284554
,,2021-03-03 05:00:00+00,343,positive,2024-12-09 16:00:01.938486+00,284555
,,2020-10-15 04:00:00+00,6328,negative,2024-12-09 16:00:01.938486+00,284556
,,2022-11-28 05:00:00+00,278,positive,2024-12-09 16:00:01.938486+00,284557
,,2022-03-30 04:00:00+00,3684,negative,2024-12-09 16:00:01.938486+00,284558
,,2021-11-17 05:00:00+00,10956,negative,2024-12-09 16:00:01.938486+00,284559
,,2020-09-26 04:00:00+00,3425,negative,2024-12-09 16:00:01.938486+00,284560
,,2021-07-27 04:00:00+00,154,positive,2024-12-09 16:00:01.938486+00,284561
,,2023-11-17 05:00:00+00,146,negative,2024-12-09 16:00:01.938486+00,284562
,,2022-08-10 04:00:00+00,322,positive,2024-12-09 16:00:01.938486+00,284563
,,2024-03-19 04:00:00+00,35,positive,2024-12-09 16:00:01.938486+00,284564
,,2020-05-06 04:00:00+00,368,positive,2024-12-09 16:00:01.938486+00,284565
,,2021-03-27 04:00:00+00,4331,negative,2024-12-09 16:00:01.938486+00,284566
,,2020-11-24 05:00:00+00,1247,positive,2024-12-09 16:00:01.938486+00,284567
,,2023-05-14 04:00:00+00,9,positive,2024-12-09 16:00:01.938486+00,284568
,,2022-12-22 05:00:00+00,1396,negative,2024-12-09 16:00:01.938486+00,284569
,,2021-04-01 04:00:00+00,5873,negative,2024-12-09 16:00:01.938486+00,284570
,,2020-11-19 05:00:00+00,1129,positive,2024-12-09 16:00:01.938486+00,284571
,,2023-04-29 04:00:00+00,16,positive,2024-12-09 16:00:01.938486+00,284572
,,2023-01-06 05:00:00+00,1174,negative,2024-12-09 16:00:01.938486+00,284573
,,2022-05-07 04:00:00+00,1487,negative,2024-12-09 16:00:01.938486+00,284574
,,2022-01-02 05:00:00+00,3774,negative,2024-12-09 16:00:01.938486+00,284575
,,2023-10-10 04:00:00+00,169,negative,2024-12-09 16:00:01.938486+00,284576
,,2022-09-05 04:00:00+00,129,positive,2024-12-09 16:00:01.938486+00,284577
,,2020-08-11 04:00:00+00,3496,negative,2024-12-09 16:00:01.938486+00,284578
,,2021-08-14 04:00:00+00,250,positive,2024-12-09 16:00:01.938486+00,284579
,,2020-04-18 04:00:00+00,258,positive,2024-12-09 16:00:01.938486+00,284580
,,2024-02-22 05:00:00+00,97,positive,2024-12-09 16:00:01.938486+00,284581
,,2021-04-19 04:00:00+00,633,positive,2024-12-09 16:00:01.938486+00,284582
,,2023-05-21 04:00:00+00,90,negative,2024-12-09 16:00:01.938486+00,284583
,,2020-12-03 05:00:00+00,8544,negative,2024-12-09 16:00:01.938486+00,284584
,,2023-01-16 05:00:00+00,180,positive,2024-12-09 16:00:01.938486+00,284585
,,2022-02-02 05:00:00+00,484,positive,2024-12-09 16:00:01.938486+00,284586
,,2023-09-11 04:00:00+00,115,positive,2024-12-09 16:00:01.938486+00,284587
,,2020-03-16 04:00:00+00,12,negative,2024-12-09 16:00:01.938486+00,284588
,,2020-07-11 04:00:00+00,115,positive,2024-12-09 16:00:01.938486+00,284589
,,2022-06-05 04:00:00+00,201,positive,2024-12-09 16:00:01.938486+00,284590
,,2021-09-16 04:00:00+00,7015,negative,2024-12-09 16:00:01.938486+00,284591
,,2022-10-10 04:00:00+00,1554,negative,2024-12-09 16:00:01.938486+00,284592
,,2024-01-18 05:00:00+00,269,negative,2024-12-09 16:00:01.938486+00,284593
,,2021-03-13 05:00:00+00,254,positive,2024-12-09 16:00:01.938486+00,284594
,,2022-12-08 05:00:00+00,203,positive,2024-12-09 16:00:01.938486+00,284595
,,2023-04-26 04:00:00+00,616,negative,2024-12-09 16:00:01.938486+00,284596
,,2020-11-06 05:00:00+00,6533,negative,2024-12-09 16:00:01.938486+00,284597
,,2021-07-07 04:00:00+00,3497,negative,2024-12-09 16:00:01.938486+00,284598
,,2020-05-26 04:00:00+00,2212,negative,2024-12-09 16:00:01.938486+00,284599
,,2020-10-08 04:00:00+00,266,positive,2024-12-09 16:00:01.938486+00,284600
,,2021-11-05 04:00:00+00,209,positive,2024-12-09 16:00:01.938486+00,284601
,,2023-12-07 05:00:00+00,119,positive,2024-12-09 16:00:01.938486+00,284602
,,2022-07-29 04:00:00+00,2005,negative,2024-12-09 16:00:01.938486+00,284603
,,2024-03-31 04:00:00+00,137,negative,2024-12-09 16:00:01.938486+00,284604
,,2022-03-10 05:00:00+00,70,positive,2024-12-09 16:00:01.938486+00,284605
,,2023-12-24 05:00:00+00,101,positive,2024-12-09 16:00:01.938486+00,284606
,,2023-08-03 04:00:00+00,131,negative,2024-12-09 16:00:01.938486+00,284607
,,2022-07-14 04:00:00+00,2131,negative,2024-12-09 16:00:01.938486+00,284608
,,2022-11-04 04:00:00+00,184,positive,2024-12-09 16:00:01.938486+00,284609
,,2020-06-12 04:00:00+00,2337,negative,2024-12-09 16:00:01.938486+00,284610
,,2021-10-21 04:00:00+00,211,positive,2024-12-09 16:00:01.938486+00,284611
,,2022-03-03 05:00:00+00,5227,negative,2024-12-09 16:00:01.938486+00,284612
,,2023-07-29 04:00:00+00,28,positive,2024-12-09 16:00:01.938486+00,284613
,,2021-02-16 05:00:00+00,335,positive,2024-12-09 16:00:01.938486+00,284614
,,2021-06-11 04:00:00+00,5660,negative,2024-12-09 16:00:01.938486+00,284615
,,2023-03-16 04:00:00+00,945,negative,2024-12-09 16:00:01.938486+00,284616
,,2024-04-26 04:00:00+00,105,negative,2024-12-09 16:00:01.938486+00,284617
,,2023-11-14 05:00:00+00,183,negative,2024-12-09 16:00:01.938486+00,284618
,,2020-05-19 04:00:00+00,271,positive,2024-12-09 16:00:01.938486+00,284619
,,2021-07-14 04:00:00+00,110,positive,2024-12-09 16:00:01.938486+00,284620
,,2022-08-07 04:00:00+00,210,positive,2024-12-09 16:00:01.938486+00,284621
,,2024-03-22 04:00:00+00,19,positive,2024-12-09 16:00:01.938486+00,284622
,,2020-09-13 04:00:00+00,2956,negative,2024-12-09 16:00:01.938486+00,284623
,,2021-11-30 05:00:00+00,11977,negative,2024-12-09 16:00:01.938486+00,284624
,,2022-04-02 04:00:00+00,1532,negative,2024-12-09 16:00:01.938486+00,284625
,,2020-08-27 04:00:00+00,152,positive,2024-12-09 16:00:01.938486+00,284626
,,2021-07-29 04:00:00+00,3374,negative,2024-12-09 16:00:01.938486+00,284627
,,2022-04-21 04:00:00+00,221,positive,2024-12-09 16:00:01.938486+00,284628
,,2022-08-20 04:00:00+00,1058,negative,2024-12-09 16:00:01.938486+00,284629
,,2024-03-09 05:00:00+00,164,negative,2024-12-09 16:00:01.938486+00,284630
,,2021-12-17 05:00:00+00,943,positive,2024-12-09 16:00:01.938486+00,284631
,,2023-10-26 04:00:00+00,71,positive,2024-12-09 16:00:01.938486+00,284632
,,2020-05-04 04:00:00+00,1298,negative,2024-12-09 16:00:01.938486+00,284633
,,2022-09-30 04:00:00+00,1498,negative,2024-12-09 16:00:01.938486+00,284634
,,2020-03-26 04:00:00+00,627,negative,2024-12-09 16:00:01.938486+00,284635
,,2024-01-28 05:00:00+00,157,negative,2024-12-09 16:00:01.938486+00,284636
,,2023-10-03 04:00:00+00,91,positive,2024-12-09 16:00:01.938486+00,284637
,,2021-09-06 04:00:00+00,1735,negative,2024-12-09 16:00:01.938486+00,284638
,,2020-08-02 04:00:00+00,69,positive,2024-12-09 16:00:01.938486+00,284639
,,2022-05-14 04:00:00+00,331,positive,2024-12-09 16:00:01.938486+00,284640
,,2022-01-11 05:00:00+00,3204,positive,2024-12-09 16:00:01.938486+00,284641
,,2021-05-04 04:00:00+00,344,positive,2024-12-09 16:00:01.938486+00,284642
,,2020-12-20 05:00:00+00,5798,negative,2024-12-09 16:00:01.938486+00,284643
,,2023-06-01 04:00:00+00,134,negative,2024-12-09 16:00:01.938486+00,284644
,,2023-02-06 05:00:00+00,304,positive,2024-12-09 16:00:01.938486+00,284645
,,2023-10-19 04:00:00+00,185,negative,2024-12-09 16:00:01.938486+00,284646
,,2020-08-18 04:00:00+00,3657,negative,2024-12-09 16:00:01.938486+00,284647
,,2024-02-13 05:00:00+00,85,positive,2024-12-09 16:00:01.938486+00,284648
,,2021-12-26 05:00:00+00,3375,negative,2024-12-09 16:00:01.938486+00,284649
,,2022-04-28 04:00:00+00,3356,negative,2024-12-09 16:00:01.938486+00,284650
,,2022-09-14 04:00:00+00,233,positive,2024-12-09 16:00:01.938486+00,284651
,,2021-08-21 04:00:00+00,261,positive,2024-12-09 16:00:01.938486+00,284652
,,2020-04-11 04:00:00+00,225,positive,2024-12-09 16:00:01.938486+00,284653
,,2022-01-20 05:00:00+00,1173,positive,2024-12-09 16:00:01.938486+00,284654
,,2022-10-13 04:00:00+00,1873,negative,2024-12-09 16:00:01.938486+00,284655
,,2021-09-29 04:00:00+00,11354,negative,2024-12-09 16:00:01.938486+00,284656
,,2023-09-14 04:00:00+00,105,positive,2024-12-09 16:00:01.938486+00,284657
,,2020-07-24 04:00:00+00,170,positive,2024-12-09 16:00:01.938486+00,284658
,,2022-06-02 04:00:00+00,436,positive,2024-12-09 16:00:01.938486+00,284659
,,2024-01-15 05:00:00+00,194,negative,2024-12-09 16:00:01.938486+00,284660
,,2021-06-06 04:00:00+00,1626,negative,2024-12-09 16:00:01.938486+00,284661
,,2023-07-08 04:00:00+00,21,positive,2024-12-09 16:00:01.938486+00,284662
,,2021-01-20 05:00:00+00,487,positive,2024-12-09 16:00:01.938486+00,284663
,,2023-03-05 05:00:00+00,650,negative,2024-12-09 16:00:01.938486+00,284664
,,2021-02-03 05:00:00+00,7272,negative,2024-12-09 16:00:01.938486+00,284665
,,2023-03-23 04:00:00+00,46,positive,2024-12-09 16:00:01.938486+00,284666
,,2023-07-22 04:00:00+00,96,negative,2024-12-09 16:00:01.938486+00,284667
,,2021-06-24 04:00:00+00,22,positive,2024-12-09 16:00:01.938486+00,284668
,,2024-04-19 04:00:00+00,12,positive,2024-12-09 16:00:01.938486+00,284669
,,2024-04-18 04:00:00+00,172,negative,2024-12-09 16:00:01.938486+00,284670
,,2021-06-19 04:00:00+00,1759,negative,2024-12-09 16:00:01.938486+00,284671
,,2023-03-24 04:00:00+00,833,negative,2024-12-09 16:00:01.938486+00,284672
,,2023-07-21 04:00:00+00,19,positive,2024-12-09 16:00:01.938486+00,284673
,,2021-02-08 05:00:00+00,382,positive,2024-12-09 16:00:01.938486+00,284674
,,2023-08-03 04:00:00+00,51,positive,2024-12-09 16:00:01.938486+00,284675
,,2020-06-12 04:00:00+00,96,positive,2024-12-09 16:00:01.938486+00,284676
,,2023-12-24 05:00:00+00,182,negative,2024-12-09 16:00:01.938486+00,284677
,,2022-03-03 05:00:00+00,63,positive,2024-12-09 16:00:01.938486+00,284678
,,2022-11-04 04:00:00+00,1737,negative,2024-12-09 16:00:01.938486+00,284679
,,2021-10-21 04:00:00+00,10872,negative,2024-12-09 16:00:01.938486+00,284680
,,2022-07-14 04:00:00+00,405,positive,2024-12-09 16:00:01.938486+00,284681
,,2023-07-15 04:00:00+00,23,positive,2024-12-09 16:00:01.938486+00,284682
,,2023-02-26 05:00:00+00,734,negative,2024-12-09 16:00:01.938486+00,284683
,,2021-01-25 05:00:00+00,561,positive,2024-12-09 16:00:01.938486+00,284684
,,2021-06-01 04:00:00+00,7843,negative,2024-12-09 16:00:01.938486+00,284685
,,2020-11-28 05:00:00+00,4941,negative,2024-12-09 16:00:01.938486+00,284686
,,2022-12-26 05:00:00+00,254,positive,2024-12-09 16:00:01.938486+00,284687
,,2023-05-10 04:00:00+00,560,negative,2024-12-09 16:00:01.938486+00,284688
,,2021-03-23 04:00:00+00,555,positive,2024-12-09 16:00:01.938486+00,284689
,,2023-06-06 04:00:00+00,20,positive,2024-12-09 16:00:01.938486+00,284690
,,2023-02-01 05:00:00+00,1182,negative,2024-12-09 16:00:01.938486+00,284691
,,2021-05-05 04:00:00+00,10022,negative,2024-12-09 16:00:01.938486+00,284692
,,2020-12-19 05:00:00+00,464,positive,2024-12-09 16:00:01.938486+00,284693
,,2020-08-09 04:00:00+00,2941,negative,2024-12-09 16:00:01.938486+00,284694
,,2022-09-27 04:00:00+00,252,positive,2024-12-09 16:00:01.938486+00,284695
,,2021-09-13 04:00:00+00,419,positive,2024-12-09 16:00:01.938486+00,284696
,,2024-01-31 05:00:00+00,126,positive,2024-12-09 16:00:01.938486+00,284697
,,2022-05-17 04:00:00+00,3170,negative,2024-12-09 16:00:01.938486+00,284698
,,2022-01-04 05:00:00+00,10402,negative,2024-12-09 16:00:01.938486+00,284699
,,2020-03-19 04:00:00+00,102,positive,2024-12-09 16:00:01.938486+00,284700
,,2023-09-30 04:00:00+00,121,negative,2024-12-09 16:00:01.938486+00,284701
,,2022-04-22 04:00:00+00,3795,negative,2024-12-09 16:00:01.938486+00,284702
,,2021-08-03 04:00:00+00,236,positive,2024-12-09 16:00:01.938486+00,284703
,,2020-04-29 04:00:00+00,452,positive,2024-12-09 16:00:01.938486+00,284704
,,2020-09-01 04:00:00+00,4243,negative,2024-12-09 16:00:01.938486+00,284705
,,2023-10-25 04:00:00+00,163,negative,2024-12-09 16:00:01.938486+00,284706
,,2022-08-19 04:00:00+00,233,positive,2024-12-09 16:00:01.938486+00,284707
,,2021-12-12 05:00:00+00,2777,negative,2024-12-09 16:00:01.938486+00,284708
,,2024-03-10 05:00:00+00,18,positive,2024-12-09 16:00:01.938486+00,284709
,,2023-04-29 04:00:00+00,373,negative,2024-12-09 16:00:01.938486+00,284710
,,2021-04-01 04:00:00+00,660,positive,2024-12-09 16:00:01.938486+00,284711
,,2023-01-06 05:00:00+00,252,positive,2024-12-09 16:00:01.938486+00,284712
,,2020-11-19 05:00:00+00,8823,negative,2024-12-09 16:00:01.938486+00,284713
,,2022-06-15 04:00:00+00,358,positive,2024-12-09 16:00:01.938486+00,284714
,,2022-02-12 05:00:00+00,98,positive,2024-12-09 16:00:01.938486+00,284715
,,2020-07-01 04:00:00+00,176,positive,2024-12-09 16:00:01.938486+00,284716
,,2022-11-01 04:00:00+00,1861,negative,2024-12-09 16:00:01.938486+00,284717
,,2023-12-27 05:00:00+00,280,negative,2024-12-09 16:00:01.938486+00,284718
,,2023-09-01 04:00:00+00,64,positive,2024-12-09 16:00:01.938486+00,284719
,,2021-10-08 04:00:00+00,9986,negative,2024-12-09 16:00:01.938486+00,284720
,,2021-06-13 04:00:00+00,21,positive,2024-12-09 16:00:01.938486+00,284721
,,2023-07-27 04:00:00+00,104,negative,2024-12-09 16:00:01.938486+00,284722
,,2021-02-14 05:00:00+00,2840,negative,2024-12-09 16:00:01.938486+00,284723
,,2024-04-24 04:00:00+00,21,positive,2024-12-09 16:00:01.938486+00,284724
,,2023-03-18 04:00:00+00,43,positive,2024-12-09 16:00:01.938486+00,284725
,,2024-04-05 04:00:00+00,22,positive,2024-12-09 16:00:01.938486+00,284726
,,2020-10-09 04:00:00+00,5506,negative,2024-12-09 16:00:01.938486+00,284727
,,2021-11-04 04:00:00+00,10877,negative,2024-12-09 16:00:01.938486+00,284728
,,2021-07-08 04:00:00+00,44,positive,2024-12-09 16:00:01.938486+00,284729
,,2020-05-25 04:00:00+00,102,positive,2024-12-09 16:00:01.938486+00,284730
,,2022-03-15 04:00:00+00,4714,negative,2024-12-09 16:00:01.938486+00,284731
,,2022-07-24 04:00:00+00,246,positive,2024-12-09 16:00:01.938486+00,284732
,,2023-12-02 05:00:00+00,159,negative,2024-12-09 16:00:01.938486+00,284733
,,2024-03-31 04:00:00+00,11,positive,2024-12-09 16:00:01.938486+00,283638
,,2022-03-10 05:00:00+00,4957,negative,2024-12-09 16:00:01.938486+00,283639
,,2020-10-08 04:00:00+00,5612,negative,2024-12-09 16:00:01.938486+00,283640
,,2023-12-07 05:00:00+00,286,negative,2024-12-09 16:00:01.938486+00,283641
,,2022-07-29 04:00:00+00,341,positive,2024-12-09 16:00:01.938486+00,283642
,,2023-08-17 04:00:00+00,124,negative,2024-12-09 16:00:01.938486+00,283643
,,2021-10-27 04:00:00+00,237,positive,2024-12-09 16:00:01.938486+00,283644
,,2022-06-30 04:00:00+00,2316,negative,2024-12-09 16:00:01.938486+00,283645
,,2022-02-25 05:00:00+00,5859,negative,2024-12-09 16:00:01.938486+00,283646
,,2020-06-18 04:00:00+00,2277,negative,2024-12-09 16:00:01.938486+00,283647
,,2022-11-18 05:00:00+00,162,positive,2024-12-09 16:00:01.938486+00,283648
,,2023-12-10 05:00:00+00,69,positive,2024-12-09 16:00:01.938486+00,283649
,,2022-12-16 05:00:00+00,1590,negative,2024-12-09 16:00:01.938486+00,283650
,,2020-10-29 04:00:00+00,448,positive,2024-12-09 16:00:01.938486+00,283651
,,2023-04-18 04:00:00+00,20,positive,2024-12-09 16:00:01.938486+00,283652
,,2021-03-21 04:00:00+00,2722,negative,2024-12-09 16:00:01.938486+00,283653
,,2023-10-29 04:00:00+00,129,negative,2024-12-09 16:00:01.938486+00,283654
,,2021-07-30 04:00:00+00,205,positive,2024-12-09 16:00:01.938486+00,283655
,,2021-12-16 05:00:00+00,11629,negative,2024-12-09 16:00:01.938486+00,283656
,,2022-04-18 04:00:00+00,4566,negative,2024-12-09 16:00:01.938486+00,283657
,,2024-03-06 05:00:00+00,47,positive,2024-12-09 16:00:01.938486+00,283658
,,2020-05-03 04:00:00+00,138,positive,2024-12-09 16:00:01.938486+00,283659
,,2022-08-23 04:00:00+00,300,positive,2024-12-09 16:00:01.938486+00,283660
,,2020-08-28 04:00:00+00,4521,negative,2024-12-09 16:00:01.938486+00,283661
,,2023-01-30 05:00:00+00,289,positive,2024-12-09 16:00:01.938486+00,283662
,,2021-04-25 04:00:00+00,338,positive,2024-12-09 16:00:01.938486+00,283663
,,2023-06-08 04:00:00+00,133,negative,2024-12-09 16:00:01.938486+00,283664
,,2020-12-29 05:00:00+00,6244,negative,2024-12-09 16:00:01.938486+00,283665
,,2021-09-04 04:00:00+00,2770,negative,2024-12-09 16:00:01.938486+00,283666
,,2024-02-07 05:00:00+00,216,negative,2024-12-09 16:00:01.938486+00,283667
,,2022-09-20 04:00:00+00,1999,negative,2024-12-09 16:00:01.938486+00,283668
,,2022-01-13 05:00:00+00,2425,positive,2024-12-09 16:00:01.938486+00,283669
,,2022-05-24 04:00:00+00,483,positive,2024-12-09 16:00:01.938486+00,283670
,,2020-03-28 04:00:00+00,490,negative,2024-12-09 16:00:01.938486+00,283671
,,2020-07-31 04:00:00+00,138,positive,2024-12-09 16:00:01.938486+00,283672
,,2023-09-23 04:00:00+00,49,positive,2024-12-09 16:00:01.938486+00,283673
,,2021-03-27 04:00:00+00,378,positive,2024-12-09 16:00:01.938486+00,283674
,,2023-05-14 04:00:00+00,192,negative,2024-12-09 16:00:01.938486+00,283675
,,2020-11-24 05:00:00+00,8648,negative,2024-12-09 16:00:01.938486+00,283676
,,2022-12-22 05:00:00+00,217,positive,2024-12-09 16:00:01.938486+00,283677
,,2021-12-09 05:00:00+00,11970,negative,2024-12-09 16:00:01.938486+00,283678
,,2020-09-04 04:00:00+00,3965,negative,2024-12-09 16:00:01.938486+00,283679
,,2023-11-03 04:00:00+00,167,negative,2024-12-09 16:00:01.938486+00,283680
,,2021-08-06 04:00:00+00,291,positive,2024-12-09 16:00:01.938486+00,283681
,,2022-04-13 04:00:00+00,3850,negative,2024-12-09 16:00:01.938486+00,283682
,,2020-04-26 04:00:00+00,211,positive,2024-12-09 16:00:01.938486+00,283683
,,2024-03-01 05:00:00+00,66,positive,2024-12-09 16:00:01.938486+00,283684
,,2022-08-28 04:00:00+00,172,positive,2024-12-09 16:00:01.938486+00,283685
,,2023-08-23 04:00:00+00,133,negative,2024-12-09 16:00:01.938486+00,283686
,,2022-06-24 04:00:00+00,2110,negative,2024-12-09 16:00:01.938486+00,283687
,,2020-06-24 04:00:00+00,2567,negative,2024-12-09 16:00:01.938486+00,283688
,,2021-10-01 04:00:00+00,291,positive,2024-12-09 16:00:01.938486+00,283689
,,2024-01-05 05:00:00+00,180,positive,2024-12-09 16:00:01.938486+00,283690
,,2022-10-23 04:00:00+00,105,positive,2024-12-09 16:00:01.938486+00,283691
,,2022-02-19 05:00:00+00,1943,negative,2024-12-09 16:00:01.938486+00,283692
,,2023-07-25 04:00:00+00,39,positive,2024-12-09 16:00:01.938486+00,283693
,,2021-02-04 05:00:00+00,481,positive,2024-12-09 16:00:01.938486+00,283694
,,2023-03-20 04:00:00+00,924,negative,2024-12-09 16:00:01.938486+00,283695
,,2024-04-22 04:00:00+00,143,negative,2024-12-09 16:00:01.938486+00,283696
,,2021-06-23 04:00:00+00,3768,negative,2024-12-09 16:00:01.938486+00,283697
,,2022-11-30 05:00:00+00,247,positive,2024-12-09 16:00:01.938486+00,283698
,,2021-03-05 05:00:00+00,332,positive,2024-12-09 16:00:01.938486+00,283699
,,2020-10-13 04:00:00+00,5228,negative,2024-12-09 16:00:01.938486+00,283700
,,2023-04-02 04:00:00+00,477,negative,2024-12-09 16:00:01.938486+00,283701
,,2023-03-09 05:00:00+00,1005,negative,2024-12-09 16:00:01.938486+00,283702
,,2021-06-02 04:00:00+00,4969,negative,2024-12-09 16:00:01.938486+00,283703
,,2021-01-24 05:00:00+00,280,positive,2024-12-09 16:00:01.938486+00,283704
,,2024-05-03 04:00:00+00,14,negative,2024-12-09 16:00:01.938486+00,283705
,,2023-07-04 04:00:00+00,12,positive,2024-12-09 16:00:01.938486+00,283706
,,2020-07-20 04:00:00+00,151,positive,2024-12-09 16:00:01.938486+00,283707
,,2023-09-18 04:00:00+00,142,positive,2024-12-09 16:00:01.938486+00,283708
,,2022-10-17 04:00:00+00,1775,negative,2024-12-09 16:00:01.938486+00,283709
,,2022-05-29 04:00:00+00,257,positive,2024-12-09 16:00:01.938486+00,283710
,,2022-01-24 05:00:00+00,1033,positive,2024-12-09 16:00:01.938486+00,283711
,,2024-01-11 05:00:00+00,236,negative,2024-12-09 16:00:01.938486+00,283712
,,2021-09-25 04:00:00+00,4259,negative,2024-12-09 16:00:01.938486+00,283713
,,2023-06-29 04:00:00+00,19,positive,2024-12-09 16:00:01.938486+00,283714
,,2021-05-16 04:00:00+00,2200,negative,2024-12-09 16:00:01.938486+00,283715
,,2021-01-09 05:00:00+00,401,positive,2024-12-09 16:00:01.938486+00,283716
,,2023-02-10 05:00:00+00,1178,negative,2024-12-09 16:00:01.938486+00,283717
,,2023-06-05 04:00:00+00,131,negative,2024-12-09 16:00:01.938486+00,283718
,,2021-05-08 04:00:00+00,170,positive,2024-12-09 16:00:01.938486+00,283719
,,2020-12-16 05:00:00+00,8090,negative,2024-12-09 16:00:01.938486+00,283720
,,2023-02-02 05:00:00+00,247,positive,2024-12-09 16:00:01.938486+00,283721
,,2021-04-25 04:00:00+00,2807,negative,2024-12-09 16:00:01.938486+00,283722
,,2023-06-08 04:00:00+00,20,positive,2024-12-09 16:00:01.938486+00,283723
,,2023-01-30 05:00:00+00,1218,negative,2024-12-09 16:00:01.938486+00,283724
,,2020-12-29 05:00:00+00,803,positive,2024-12-09 16:00:01.938486+00,283725
,,2023-09-09 04:00:00+00,54,positive,2024-12-09 16:00:01.938486+00,283726
,,2022-06-07 04:00:00+00,392,positive,2024-12-09 16:00:01.938486+00,283727
,,2022-02-04 05:00:00+00,256,positive,2024-12-09 16:00:01.938486+00,283728
,,2020-07-09 04:00:00+00,158,positive,2024-12-09 16:00:01.938486+00,283729
,,2024-01-20 05:00:00+00,183,negative,2024-12-09 16:00:01.938486+00,283730
,,2021-09-14 04:00:00+00,10259,negative,2024-12-09 16:00:01.938486+00,283731
,,2022-10-08 04:00:00+00,1014,negative,2024-12-09 16:00:01.938486+00,283732
,,2020-03-18 04:00:00+00,21,negative,2024-12-09 16:00:01.938486+00,283733
,,2021-07-18 04:00:00+00,56,positive,2024-12-09 16:00:01.938486+00,283734
,,2020-09-17 04:00:00+00,4336,negative,2024-12-09 16:00:01.938486+00,283735
,,2022-08-03 04:00:00+00,401,positive,2024-12-09 16:00:01.938486+00,283736
,,2021-11-26 05:00:00+00,3272,negative,2024-12-09 16:00:01.938486+00,283737
,,2020-05-15 04:00:00+00,274,positive,2024-12-09 16:00:01.938486+00,283738
,,2022-04-06 04:00:00+00,4257,negative,2024-12-09 16:00:01.938486+00,283739
,,2024-03-26 04:00:00+00,36,positive,2024-12-09 16:00:01.938486+00,283740
,,2023-11-10 05:00:00+00,160,negative,2024-12-09 16:00:01.938486+00,283741
,,2023-07-17 04:00:00+00,101,negative,2024-12-09 16:00:01.938486+00,283742
,,2021-05-30 04:00:00+00,52,positive,2024-12-09 16:00:01.938486+00,283743
,,2023-02-24 05:00:00+00,123,positive,2024-12-09 16:00:01.938486+00,283744
,,2021-01-27 05:00:00+00,9144,negative,2024-12-09 16:00:01.938486+00,283745
,,2020-06-16 04:00:00+00,115,positive,2024-12-09 16:00:01.938486+00,283746
,,2022-02-27 05:00:00+00,39,positive,2024-12-09 16:00:01.938486+00,283747
,,2023-12-12 05:00:00+00,257,negative,2024-12-09 16:00:01.938486+00,283748
,,2021-10-25 04:00:00+00,9162,negative,2024-12-09 16:00:01.938486+00,283749
,,2023-08-15 04:00:00+00,82,positive,2024-12-09 16:00:01.938486+00,283750
,,2022-11-16 05:00:00+00,1859,negative,2024-12-09 16:00:01.938486+00,283751
,,2022-07-02 04:00:00+00,208,positive,2024-12-09 16:00:01.938486+00,283752
,,2020-10-12 04:00:00+00,197,positive,2024-12-09 16:00:01.938486+00,283753
,,2022-07-25 04:00:00+00,1972,negative,2024-12-09 16:00:01.938486+00,283754
,,2021-07-11 04:00:00+00,1663,negative,2024-12-09 16:00:01.938486+00,283755
,,2021-11-01 04:00:00+00,271,positive,2024-12-09 16:00:01.938486+00,283756
,,2023-12-03 05:00:00+00,65,positive,2024-12-09 16:00:01.938486+00,283757
,,2022-03-14 04:00:00+00,120,positive,2024-12-09 16:00:01.938486+00,283758
,,2024-04-04 04:00:00+00,175,negative,2024-12-09 16:00:01.938486+00,283759
,,2020-05-22 04:00:00+00,1965,negative,2024-12-09 16:00:01.938486+00,283760
,,2021-11-19 05:00:00+00,9308,negative,2024-12-09 16:00:01.938486+00,283761
,,2023-11-15 05:00:00+00,147,negative,2024-12-09 16:00:01.938486+00,283762
,,2022-04-01 04:00:00+00,3686,negative,2024-12-09 16:00:01.938486+00,283763
,,2024-03-21 04:00:00+00,31,positive,2024-12-09 16:00:01.938486+00,283764
,,2022-08-08 04:00:00+00,434,positive,2024-12-09 16:00:01.938486+00,283765
,,2020-09-24 04:00:00+00,4511,negative,2024-12-09 16:00:01.938486+00,283766
,,2021-07-25 04:00:00+00,85,positive,2024-12-09 16:00:01.938486+00,283767
,,2020-05-08 04:00:00+00,275,positive,2024-12-09 16:00:01.938486+00,283768
,,2021-05-24 04:00:00+00,7917,negative,2024-12-09 16:00:01.938486+00,283769
,,2023-02-18 05:00:00+00,746,negative,2024-12-09 16:00:01.938486+00,283770
,,2023-06-21 04:00:00+00,16,positive,2024-12-09 16:00:01.938486+00,283771
,,2021-01-01 05:00:00+00,199,positive,2024-12-09 16:00:01.938486+00,283772
,,2021-09-02 04:00:00+00,291,positive,2024-12-09 16:00:01.938486+00,283773
,,2024-02-09 05:00:00+00,92,positive,2024-12-09 16:00:01.938486+00,283774
,,2020-03-30 04:00:00+00,454,positive,2024-12-09 16:00:01.938486+00,283775
,,2020-07-29 04:00:00+00,3436,negative,2024-12-09 16:00:01.938486+00,283776
,,2022-09-18 04:00:00+00,129,positive,2024-12-09 16:00:01.938486+00,283777
,,2022-05-26 04:00:00+00,3245,negative,2024-12-09 16:00:01.938486+00,283778
,,2023-09-21 04:00:00+00,144,negative,2024-12-09 16:00:01.938486+00,283779
,,2022-01-15 05:00:00+00,3089,negative,2024-12-09 16:00:01.938486+00,283780
,,2021-08-23 04:00:00+00,7025,negative,2024-12-09 16:00:01.938486+00,283781
,,2022-09-16 04:00:00+00,1660,negative,2024-12-09 16:00:01.938486+00,283782
,,2023-10-21 04:00:00+00,46,positive,2024-12-09 16:00:01.938486+00,283783
,,2020-04-09 04:00:00+00,925,negative,2024-12-09 16:00:01.938486+00,283784
,,2020-08-20 04:00:00+00,124,positive,2024-12-09 16:00:01.938486+00,283785
,,2024-02-11 05:00:00+00,153,negative,2024-12-09 16:00:01.938486+00,283786
,,2021-12-24 05:00:00+00,1604,positive,2024-12-09 16:00:01.938486+00,283787
,,2022-04-26 04:00:00+00,324,positive,2024-12-09 16:00:01.938486+00,283788
,,2021-04-16 04:00:00+00,591,positive,2024-12-09 16:00:01.938486+00,283789
,,2023-05-18 04:00:00+00,156,negative,2024-12-09 16:00:01.938486+00,283790
,,2023-01-19 05:00:00+00,243,positive,2024-12-09 16:00:01.938486+00,283791
,,2020-12-06 05:00:00+00,5212,negative,2024-12-09 16:00:01.938486+00,283792
,,2022-06-04 04:00:00+00,216,positive,2024-12-09 16:00:01.938486+00,283793
,,2022-10-11 04:00:00+00,1840,negative,2024-12-09 16:00:01.938486+00,283794
,,2023-09-12 04:00:00+00,120,positive,2024-12-09 16:00:01.938486+00,283795
,,2024-01-17 05:00:00+00,259,negative,2024-12-09 16:00:01.938486+00,283796
,,2020-07-22 04:00:00+00,155,positive,2024-12-09 16:00:01.938486+00,283797
,,2022-01-22 05:00:00+00,621,positive,2024-12-09 16:00:01.938486+00,283798
,,2021-09-27 04:00:00+00,12106,negative,2024-12-09 16:00:01.938486+00,283799
,,2020-11-11 05:00:00+00,7986,negative,2024-12-09 16:00:01.938486+00,283800
,,2021-03-08 05:00:00+00,355,positive,2024-12-09 16:00:01.938486+00,283801
,,2023-04-21 04:00:00+00,545,negative,2024-12-09 16:00:01.938486+00,283802
,,2022-12-13 05:00:00+00,249,positive,2024-12-09 16:00:01.938486+00,283803
,,2021-11-16 05:00:00+00,11356,negative,2024-12-09 16:00:01.938486+00,283804
,,2021-06-26 04:00:00+00,29,positive,2024-12-09 16:00:01.938486+00,283805
,,2020-09-27 04:00:00+00,2992,negative,2024-12-09 16:00:01.938486+00,283806
,,2022-07-20 04:00:00+00,430,positive,2024-12-09 16:00:01.938486+00,283807
,,2022-03-19 04:00:00+00,1561,negative,2024-12-09 16:00:01.938486+00,283808
,,2023-11-28 05:00:00+00,172,negative,2024-12-09 16:00:01.938486+00,283809
,,2020-06-06 04:00:00+00,59,positive,2024-12-09 16:00:01.938486+00,283810
,,2024-04-09 04:00:00+00,30,positive,2024-12-09 16:00:01.938486+00,283811
,,2023-04-11 04:00:00+00,31,positive,2024-12-09 16:00:01.938486+00,283812
,,2021-02-22 05:00:00+00,6859,negative,2024-12-09 16:00:01.938486+00,283813
,,2020-10-24 04:00:00+00,268,positive,2024-12-09 16:00:01.938486+00,283814
,,2022-11-21 05:00:00+00,1824,negative,2024-12-09 16:00:01.938486+00,283815
,,2022-12-04 05:00:00+00,1205,negative,2024-12-09 16:00:01.938486+00,283816
,,2020-10-17 04:00:00+00,168,positive,2024-12-09 16:00:01.938486+00,283817
,,2021-03-01 05:00:00+00,7711,negative,2024-12-09 16:00:01.938486+00,283818
,,2023-03-29 04:00:00+00,44,positive,2024-12-09 16:00:01.938486+00,283819
,,2024-03-24 04:00:00+00,7,positive,2024-12-09 16:00:01.938486+00,283820
,,2022-04-04 04:00:00+00,4381,negative,2024-12-09 16:00:01.938486+00,283821
,,2021-12-02 05:00:00+00,11753,negative,2024-12-09 16:00:01.938486+00,283822
,,2021-07-12 04:00:00+00,70,positive,2024-12-09 16:00:01.938486+00,283823
,,2022-08-05 04:00:00+00,298,positive,2024-12-09 16:00:01.938486+00,283824
,,2020-05-21 04:00:00+00,301,positive,2024-12-09 16:00:01.938486+00,283825
,,2023-11-12 05:00:00+00,127,negative,2024-12-09 16:00:01.938486+00,283826
,,2020-09-11 04:00:00+00,3623,negative,2024-12-09 16:00:01.938486+00,283827
,,2020-11-26 05:00:00+00,6043,negative,2024-12-09 16:00:01.938486+00,283828
,,2021-03-25 04:00:00+00,662,positive,2024-12-09 16:00:01.938486+00,283829
,,2023-05-08 04:00:00+00,549,negative,2024-12-09 16:00:01.938486+00,283830
,,2022-12-28 05:00:00+00,289,positive,2024-12-09 16:00:01.938486+00,283831
,,2020-08-07 04:00:00+00,108,positive,2024-12-09 16:00:01.938486+00,283832
,,2023-09-28 04:00:00+00,98,positive,2024-12-09 16:00:01.938486+00,283833
,,2024-02-02 05:00:00+00,241,negative,2024-12-09 16:00:01.938486+00,283834
,,2022-09-25 04:00:00+00,1046,negative,2024-12-09 16:00:01.938486+00,283835
,,2021-09-11 04:00:00+00,2696,negative,2024-12-09 16:00:01.938486+00,283836
,,2022-01-06 05:00:00+00,4553,positive,2024-12-09 16:00:01.938486+00,283837
,,2022-05-19 04:00:00+00,547,positive,2024-12-09 16:00:01.938486+00,283838
,,2020-03-21 04:00:00+00,132,negative,2024-12-09 16:00:01.938486+00,283839
,,2023-05-27 04:00:00+00,112,negative,2024-12-09 16:00:01.938486+00,283840
,,2021-04-13 04:00:00+00,750,positive,2024-12-09 16:00:01.938486+00,283841
,,2020-12-09 05:00:00+00,8222,negative,2024-12-09 16:00:01.938486+00,283842
,,2023-01-10 05:00:00+00,285,positive,2024-12-09 16:00:01.938486+00,283843
,,2020-09-05 04:00:00+00,71,positive,2024-12-09 16:00:01.938486+00,283844
,,2024-02-27 05:00:00+00,225,negative,2024-12-09 16:00:01.938486+00,283845
,,2023-11-06 05:00:00+00,127,positive,2024-12-09 16:00:01.938486+00,283846
,,2022-04-10 04:00:00+00,91,positive,2024-12-09 16:00:01.938486+00,283847
,,2021-08-07 04:00:00+00,2193,negative,2024-12-09 16:00:01.938486+00,283848
,,2020-04-25 04:00:00+00,969,negative,2024-12-09 16:00:01.938486+00,283849
,,2022-08-31 04:00:00+00,1603,negative,2024-12-09 16:00:01.938486+00,283850
,,2021-12-08 05:00:00+00,678,positive,2024-12-09 16:00:01.938486+00,283851
,,2022-06-11 04:00:00+00,1444,negative,2024-12-09 16:00:01.938486+00,283852
,,2020-03-14 04:00:00+00,13,positive,2024-12-09 16:00:01.938486+00,283853
,,2022-01-31 05:00:00+00,10207,negative,2024-12-09 16:00:01.938486+00,283854
,,2023-09-05 04:00:00+00,240,negative,2024-12-09 16:00:01.938486+00,283855
,,2022-10-04 04:00:00+00,192,positive,2024-12-09 16:00:01.938486+00,283856
,,2020-07-13 04:00:00+00,2533,negative,2024-12-09 16:00:01.938486+00,283857
,,2024-01-24 05:00:00+00,149,positive,2024-12-09 16:00:01.938486+00,283858
,,2021-09-18 04:00:00+00,189,positive,2024-12-09 16:00:01.938486+00,283859
,,2023-03-07 05:00:00+00,1061,negative,2024-12-09 16:00:01.938486+00,283860
,,2021-01-18 05:00:00+00,482,positive,2024-12-09 16:00:01.938486+00,283861
,,2023-07-06 04:00:00+00,16,positive,2024-12-09 16:00:01.938486+00,283862
,,2021-06-08 04:00:00+00,7148,negative,2024-12-09 16:00:01.938486+00,283863
,,2024-04-06 04:00:00+00,11,positive,2024-12-09 16:00:01.938486+00,283864
,,2020-10-10 04:00:00+00,4678,negative,2024-12-09 16:00:01.938486+00,283865
,,2021-07-09 04:00:00+00,36,positive,2024-12-09 16:00:01.938486+00,283866
,,2022-07-23 04:00:00+00,253,positive,2024-12-09 16:00:01.938486+00,283867
,,2021-11-03 04:00:00+00,8564,negative,2024-12-09 16:00:01.938486+00,283868
,,2022-03-16 04:00:00+00,3784,negative,2024-12-09 16:00:01.938486+00,283869
,,2023-12-01 05:00:00+00,182,negative,2024-12-09 16:00:01.938486+00,283870
,,2020-05-24 04:00:00+00,98,positive,2024-12-09 16:00:01.938486+00,283871
,,2024-04-09 04:00:00+00,140,negative,2024-12-09 16:00:01.938486+00,283872
,,2021-11-16 05:00:00+00,358,positive,2024-12-09 16:00:01.938486+00,283873
,,2023-11-28 05:00:00+00,94,positive,2024-12-09 16:00:01.938486+00,283874
,,2022-07-20 04:00:00+00,1952,negative,2024-12-09 16:00:01.938486+00,283875
,,2021-06-26 04:00:00+00,1704,negative,2024-12-09 16:00:01.938486+00,283876
,,2020-06-06 04:00:00+00,1335,negative,2024-12-09 16:00:01.938486+00,283877
,,2020-09-27 04:00:00+00,79,positive,2024-12-09 16:00:01.938486+00,283878
,,2022-03-19 04:00:00+00,30,positive,2024-12-09 16:00:01.938486+00,283879
,,2022-02-11 05:00:00+00,174,positive,2024-12-09 16:00:01.938486+00,283880
,,2022-06-16 04:00:00+00,300,positive,2024-12-09 16:00:01.938486+00,283881
,,2022-10-31 04:00:00+00,1789,negative,2024-12-09 16:00:01.938486+00,283882
,,2023-08-31 04:00:00+00,86,positive,2024-12-09 16:00:01.938486+00,283883
,,2021-10-09 04:00:00+00,3547,negative,2024-12-09 16:00:01.938486+00,283884
,,2023-12-28 05:00:00+00,305,negative,2024-12-09 16:00:01.938486+00,283885
,,2020-07-02 04:00:00+00,137,positive,2024-12-09 16:00:01.938486+00,283886
,,2021-01-12 05:00:00+00,8809,negative,2024-12-09 16:00:01.938486+00,283887
,,2023-02-09 05:00:00+00,226,positive,2024-12-09 16:00:01.938486+00,283888
,,2023-06-30 04:00:00+00,96,negative,2024-12-09 16:00:01.938486+00,283889
,,2021-05-13 04:00:00+00,244,positive,2024-12-09 16:00:01.938486+00,283890
,,2022-04-23 04:00:00+00,1268,negative,2024-12-09 16:00:01.938486+00,283891
,,2020-04-28 04:00:00+00,524,positive,2024-12-09 16:00:01.938486+00,283892
,,2022-08-18 04:00:00+00,247,positive,2024-12-09 16:00:01.938486+00,283893
,,2021-12-11 05:00:00+00,4249,negative,2024-12-09 16:00:01.938486+00,283894
,,2023-10-24 04:00:00+00,148,negative,2024-12-09 16:00:01.938486+00,283895
,,2024-03-11 04:00:00+00,44,positive,2024-12-09 16:00:01.938486+00,283896
,,2020-09-02 04:00:00+00,4297,negative,2024-12-09 16:00:01.938486+00,283897
,,2021-08-04 04:00:00+00,247,positive,2024-12-09 16:00:01.938486+00,283898
,,2024-02-05 05:00:00+00,221,negative,2024-12-09 16:00:01.938486+00,283899
,,2021-08-29 04:00:00+00,3456,negative,2024-12-09 16:00:01.938486+00,283900
,,2022-05-22 04:00:00+00,250,positive,2024-12-09 16:00:01.938486+00,283901
,,2023-09-25 04:00:00+00,135,positive,2024-12-09 16:00:01.938486+00,283902
,,2020-07-25 04:00:00+00,82,positive,2024-12-09 16:00:01.938486+00,283903
,,2022-09-22 04:00:00+00,1940,negative,2024-12-09 16:00:01.938486+00,283904
,,2022-01-19 05:00:00+00,1551,positive,2024-12-09 16:00:01.938486+00,283905
,,2020-04-03 04:00:00+00,1053,negative,2024-12-09 16:00:01.938486+00,283906
,,2021-05-06 04:00:00+00,11361,negative,2024-12-09 16:00:01.938486+00,283907
,,2020-12-18 05:00:00+00,813,positive,2024-12-09 16:00:01.938486+00,283908
,,2023-01-31 05:00:00+00,1198,negative,2024-12-09 16:00:01.938486+00,283909
,,2023-06-07 04:00:00+00,28,positive,2024-12-09 16:00:01.938486+00,283910
,,2021-05-24 04:00:00+00,128,positive,2024-12-09 16:00:01.938486+00,283911
,,2021-01-01 05:00:00+00,4875,negative,2024-12-09 16:00:01.938486+00,283912
,,2023-06-21 04:00:00+00,96,negative,2024-12-09 16:00:01.938486+00,283913
,,2023-02-18 05:00:00+00,101,positive,2024-12-09 16:00:01.938486+00,283914
,,2023-02-27 05:00:00+00,1154,negative,2024-12-09 16:00:01.938486+00,283915
,,2021-05-31 04:00:00+00,1615,negative,2024-12-09 16:00:01.938486+00,283916
,,2023-07-14 04:00:00+00,35,positive,2024-12-09 16:00:01.938486+00,283917
,,2021-01-26 05:00:00+00,473,positive,2024-12-09 16:00:01.938486+00,283918
,,2022-06-13 04:00:00+00,310,positive,2024-12-09 16:00:01.938486+00,283919
,,2021-10-10 04:00:00+00,2349,negative,2024-12-09 16:00:01.938486+00,283920
,,2022-02-10 05:00:00+00,203,positive,2024-12-09 16:00:01.938486+00,283921
,,2023-12-25 05:00:00+00,196,negative,2024-12-09 16:00:01.938486+00,283922
,,2023-09-03 04:00:00+00,50,positive,2024-12-09 16:00:01.938486+00,283923
,,2020-07-03 04:00:00+00,96,positive,2024-12-09 16:00:01.938486+00,283924
,,2022-11-03 04:00:00+00,1904,negative,2024-12-09 16:00:01.938486+00,283925
,,2023-07-20 04:00:00+00,25,positive,2024-12-09 16:00:01.938486+00,283926
,,2024-04-17 04:00:00+00,187,negative,2024-12-09 16:00:01.938486+00,283927
,,2023-03-25 04:00:00+00,568,negative,2024-12-09 16:00:01.938486+00,283928
,,2021-02-09 05:00:00+00,373,positive,2024-12-09 16:00:01.938486+00,283929
,,2021-06-18 04:00:00+00,3217,negative,2024-12-09 16:00:01.938486+00,283930
,,2020-10-28 04:00:00+00,6076,negative,2024-12-09 16:00:01.938486+00,283931
,,2023-04-07 04:00:00+00,566,negative,2024-12-09 16:00:01.938486+00,283932
,,2021-02-18 05:00:00+00,141,positive,2024-12-09 16:00:01.938486+00,283933
,,2022-11-25 05:00:00+00,188,positive,2024-12-09 16:00:01.938486+00,283934
,,2021-01-19 05:00:00+00,622,positive,2024-12-09 16:00:01.938486+00,283935
,,2021-06-07 04:00:00+00,6416,negative,2024-12-09 16:00:01.938486+00,283936
,,2023-03-04 05:00:00+00,748,negative,2024-12-09 16:00:01.938486+00,283937
,,2023-07-09 04:00:00+00,26,positive,2024-12-09 16:00:01.938486+00,283938
,,2020-03-18 04:00:00+00,72,positive,2024-12-09 16:00:01.938486+00,283939
,,2022-06-07 04:00:00+00,2625,negative,2024-12-09 16:00:01.938486+00,283940
,,2020-07-09 04:00:00+00,2912,negative,2024-12-09 16:00:01.938486+00,283941
,,2022-02-04 05:00:00+00,7140,negative,2024-12-09 16:00:01.938486+00,283942
,,2022-10-08 04:00:00+00,131,positive,2024-12-09 16:00:01.938486+00,283943
,,2024-01-20 05:00:00+00,92,positive,2024-12-09 16:00:01.938486+00,283944
,,2021-09-14 04:00:00+00,400,positive,2024-12-09 16:00:01.938486+00,283945
,,2023-09-09 04:00:00+00,124,negative,2024-12-09 16:00:01.938486+00,283946
,,2022-04-29 04:00:00+00,3221,negative,2024-12-09 16:00:01.938486+00,283947
,,2020-04-10 04:00:00+00,511,positive,2024-12-09 16:00:01.938486+00,283948
,,2021-08-22 04:00:00+00,209,positive,2024-12-09 16:00:01.938486+00,283949
,,2022-09-13 04:00:00+00,294,positive,2024-12-09 16:00:01.938486+00,283950
,,2021-12-25 05:00:00+00,2056,negative,2024-12-09 16:00:01.938486+00,283951
,,2020-08-19 04:00:00+00,4194,negative,2024-12-09 16:00:01.938486+00,283952
,,2024-02-14 05:00:00+00,125,positive,2024-12-09 16:00:01.938486+00,283953
,,2023-10-18 04:00:00+00,163,negative,2024-12-09 16:00:01.938486+00,283954
,,2021-04-12 04:00:00+00,840,positive,2024-12-09 16:00:01.938486+00,283955
,,2020-12-10 05:00:00+00,8325,negative,2024-12-09 16:00:01.938486+00,283956
,,2023-05-30 04:00:00+00,145,negative,2024-12-09 16:00:01.938486+00,283957
,,2023-01-07 05:00:00+00,190,positive,2024-12-09 16:00:01.938486+00,283958
,,2020-03-25 04:00:00+00,706,negative,2024-12-09 16:00:01.938486+00,283959
,,2020-08-03 04:00:00+00,143,positive,2024-12-09 16:00:01.938486+00,283960
,,2022-01-10 05:00:00+00,3573,positive,2024-12-09 16:00:01.938486+00,283961
,,2022-05-15 04:00:00+00,273,positive,2024-12-09 16:00:01.938486+00,283962
,,2022-09-29 04:00:00+00,1932,negative,2024-12-09 16:00:01.938486+00,283963
,,2023-10-02 04:00:00+00,106,positive,2024-12-09 16:00:01.938486+00,283964
,,2024-01-29 05:00:00+00,209,negative,2024-12-09 16:00:01.938486+00,283965
,,2021-09-07 04:00:00+00,7548,negative,2024-12-09 16:00:01.938486+00,283966
,,2023-02-15 05:00:00+00,203,positive,2024-12-09 16:00:01.938486+00,283967
,,2023-06-24 04:00:00+00,104,negative,2024-12-09 16:00:01.938486+00,283968
,,2021-01-14 05:00:00+00,10813,negative,2024-12-09 16:00:01.938486+00,283969
,,2021-05-11 04:00:00+00,259,positive,2024-12-09 16:00:01.938486+00,283970
,,2024-03-23 04:00:00+00,17,positive,2024-12-09 16:00:01.938486+00,283971
,,2023-11-13 05:00:00+00,160,negative,2024-12-09 16:00:01.938486+00,283972
,,2022-08-06 04:00:00+00,238,positive,2024-12-09 16:00:01.938486+00,283973
,,2020-05-18 04:00:00+00,275,positive,2024-12-09 16:00:01.938486+00,283974
,,2021-11-29 05:00:00+00,11893,negative,2024-12-09 16:00:01.938486+00,283975
,,2020-09-14 04:00:00+00,3648,negative,2024-12-09 16:00:01.938486+00,283976
,,2021-07-15 04:00:00+00,76,positive,2024-12-09 16:00:01.938486+00,283977
,,2022-04-03 04:00:00+00,1342,negative,2024-12-09 16:00:01.938486+00,283978
,,2020-10-13 04:00:00+00,224,positive,2024-12-09 16:00:01.938486+00,283979
,,2022-11-30 05:00:00+00,1968,negative,2024-12-09 16:00:01.938486+00,283980
,,2023-04-02 04:00:00+00,30,positive,2024-12-09 16:00:01.938486+00,283981
,,2021-03-05 05:00:00+00,8238,negative,2024-12-09 16:00:01.938486+00,283982
,,2022-03-04 05:00:00+00,5570,negative,2024-12-09 16:00:01.938486+00,283983
,,2023-08-04 04:00:00+00,100,negative,2024-12-09 16:00:01.938486+00,283984
,,2022-11-05 04:00:00+00,135,positive,2024-12-09 16:00:01.938486+00,283985
,,2020-06-11 04:00:00+00,1864,negative,2024-12-09 16:00:01.938486+00,283986
,,2021-10-20 04:00:00+00,239,positive,2024-12-09 16:00:01.938486+00,283987
,,2022-07-13 04:00:00+00,2155,negative,2024-12-09 16:00:01.938486+00,283988
,,2023-12-23 05:00:00+00,100,positive,2024-12-09 16:00:01.938486+00,283989
,,2022-03-23 04:00:00+00,3780,negative,2024-12-09 16:00:01.938486+00,283990
,,2021-11-12 05:00:00+00,9489,negative,2024-12-09 16:00:01.938486+00,283991
,,2023-11-24 05:00:00+00,134,negative,2024-12-09 16:00:01.938486+00,283992
,,2024-04-13 04:00:00+00,11,positive,2024-12-09 16:00:01.938486+00,283993
,,2020-10-01 04:00:00+00,4337,negative,2024-12-09 16:00:01.938486+00,283994
,,2022-07-16 04:00:00+00,248,positive,2024-12-09 16:00:01.938486+00,283995
,,2020-06-02 04:00:00+00,112,positive,2024-12-09 16:00:01.938486+00,283996
,,2021-06-30 04:00:00+00,25,positive,2024-12-09 16:00:01.938486+00,283997
,,2020-11-07 05:00:00+00,6466,negative,2024-12-09 16:00:01.938486+00,283998
,,2021-03-12 05:00:00+00,333,positive,2024-12-09 16:00:01.938486+00,283999
,,2023-04-25 04:00:00+00,612,negative,2024-12-09 16:00:01.938486+00,284000
,,2022-12-09 05:00:00+00,214,positive,2024-12-09 16:00:01.938486+00,284001
,,2021-08-09 04:00:00+00,4202,negative,2024-12-09 16:00:01.938486+00,284002
,,2024-03-04 05:00:00+00,205,negative,2024-12-09 16:00:01.938486+00,284003
,,2023-10-31 04:00:00+00,45,positive,2024-12-09 16:00:01.938486+00,284004
,,2020-09-07 04:00:00+00,29,positive,2024-12-09 16:00:01.938486+00,284005
,,2020-04-23 04:00:00+00,1338,negative,2024-12-09 16:00:01.938486+00,284006
,,2022-08-25 04:00:00+00,1823,negative,2024-12-09 16:00:01.938486+00,284007
,,2021-12-06 05:00:00+00,662,positive,2024-12-09 16:00:01.938486+00,284008
,,2022-04-16 04:00:00+00,112,positive,2024-12-09 16:00:01.938486+00,284009
,,2021-04-20 04:00:00+00,520,positive,2024-12-09 16:00:01.938486+00,284010
,,2020-12-02 05:00:00+00,8095,negative,2024-12-09 16:00:01.938486+00,284011
,,2023-05-22 04:00:00+00,136,negative,2024-12-09 16:00:01.938486+00,284012
,,2023-01-15 05:00:00+00,157,positive,2024-12-09 16:00:01.938486+00,284013
,,2022-04-29 04:00:00+00,292,positive,2024-12-09 16:00:01.938486+00,284014
,,2021-12-25 05:00:00+00,814,positive,2024-12-09 16:00:01.938486+00,284015
,,2023-10-18 04:00:00+00,75,positive,2024-12-09 16:00:01.938486+00,284016
,,2022-09-13 04:00:00+00,1998,negative,2024-12-09 16:00:01.938486+00,284017
,,2020-08-19 04:00:00+00,111,positive,2024-12-09 16:00:01.938486+00,284018
,,2021-08-22 04:00:00+00,3007,negative,2024-12-09 16:00:01.938486+00,284019
,,2020-04-10 04:00:00+00,996,negative,2024-12-09 16:00:01.938486+00,284020
,,2024-02-14 05:00:00+00,195,negative,2024-12-09 16:00:01.938486+00,284021
,,2023-01-05 05:00:00+00,1366,negative,2024-12-09 16:00:01.938486+00,284022
,,2020-11-18 05:00:00+00,1187,positive,2024-12-09 16:00:01.938486+00,284023
,,2021-04-02 04:00:00+00,6730,negative,2024-12-09 16:00:01.938486+00,284024
,,2023-04-30 04:00:00+00,14,positive,2024-12-09 16:00:01.938486+00,284025
,,2023-02-22 05:00:00+00,1197,negative,2024-12-09 16:00:01.938486+00,284026
,,2021-05-20 04:00:00+00,9186,negative,2024-12-09 16:00:01.938486+00,284027
,,2023-06-17 04:00:00+00,8,positive,2024-12-09 16:00:01.938486+00,284028
,,2021-01-05 05:00:00+00,823,positive,2024-12-09 16:00:01.938486+00,284029
,,2021-07-26 04:00:00+00,169,positive,2024-12-09 16:00:01.938486+00,284030
,,2020-05-07 04:00:00+00,375,positive,2024-12-09 16:00:01.938486+00,284031
,,2021-11-18 05:00:00+00,10778,negative,2024-12-09 16:00:01.938486+00,284032
,,2022-03-29 04:00:00+00,4082,negative,2024-12-09 16:00:01.938486+00,284033
,,2023-11-18 05:00:00+00,128,negative,2024-12-09 16:00:01.938486+00,284034
,,2020-09-25 04:00:00+00,4728,negative,2024-12-09 16:00:01.938486+00,284035
,,2024-03-18 04:00:00+00,31,positive,2024-12-09 16:00:01.938486+00,284036
,,2022-08-11 04:00:00+00,320,positive,2024-12-09 16:00:01.938486+00,284037
,,2023-04-05 04:00:00+00,43,positive,2024-12-09 16:00:01.938486+00,284038
,,2021-02-20 05:00:00+00,4733,negative,2024-12-09 16:00:01.938486+00,284039
,,2022-11-27 05:00:00+00,1305,negative,2024-12-09 16:00:01.938486+00,284040
,,2020-10-26 04:00:00+00,457,positive,2024-12-09 16:00:01.938486+00,284041
,,2020-06-20 04:00:00+00,86,positive,2024-12-09 16:00:01.938486+00,284042
,,2023-08-11 04:00:00+00,80,positive,2024-12-09 16:00:01.938486+00,284043
,,2023-12-16 05:00:00+00,176,negative,2024-12-09 16:00:01.938486+00,284044
,,2022-02-23 05:00:00+00,125,positive,2024-12-09 16:00:01.938486+00,284045
,,2021-10-29 04:00:00+00,10086,negative,2024-12-09 16:00:01.938486+00,284046
,,2022-07-06 04:00:00+00,452,positive,2024-12-09 16:00:01.938486+00,284047
,,2022-11-12 05:00:00+00,1127,negative,2024-12-09 16:00:01.938486+00,284048
,,2023-07-14 04:00:00+00,98,negative,2024-12-09 16:00:01.938486+00,284049
,,2021-05-31 04:00:00+00,33,positive,2024-12-09 16:00:01.938486+00,284050
,,2023-02-27 05:00:00+00,107,positive,2024-12-09 16:00:01.938486+00,284051
,,2021-01-26 05:00:00+00,8652,negative,2024-12-09 16:00:01.938486+00,284052
,,2020-08-30 04:00:00+00,85,positive,2024-12-09 16:00:01.938486+00,284053
,,2020-05-01 04:00:00+00,1426,negative,2024-12-09 16:00:01.938486+00,284054
,,2021-08-01 04:00:00+00,2185,negative,2024-12-09 16:00:01.938486+00,284055
,,2022-08-17 04:00:00+00,1888,negative,2024-12-09 16:00:01.938486+00,284056
,,2021-12-14 05:00:00+00,753,positive,2024-12-09 16:00:01.938486+00,284057
,,2024-03-12 04:00:00+00,200,negative,2024-12-09 16:00:01.938486+00,284058
,,2023-10-23 04:00:00+00,84,positive,2024-12-09 16:00:01.938486+00,284059
,,2022-04-24 04:00:00+00,100,positive,2024-12-09 16:00:01.938486+00,284060
,,2023-05-01 04:00:00+00,17,positive,2024-12-09 16:00:01.938486+00,284061
,,2021-03-30 04:00:00+00,7736,negative,2024-12-09 16:00:01.938486+00,284062
,,2023-01-04 05:00:00+00,1345,negative,2024-12-09 16:00:01.938486+00,284063
,,2020-11-21 05:00:00+00,652,positive,2024-12-09 16:00:01.938486+00,284064
,,2020-12-30 05:00:00+00,677,positive,2024-12-09 16:00:01.938486+00,284065
,,2023-01-27 05:00:00+00,1144,negative,2024-12-09 16:00:01.938486+00,284066
,,2023-06-11 04:00:00+00,16,positive,2024-12-09 16:00:01.938486+00,284067
,,2021-04-24 04:00:00+00,4202,negative,2024-12-09 16:00:01.938486+00,284068
,,2024-02-03 05:00:00+00,101,positive,2024-12-09 16:00:01.938486+00,284069
,,2021-08-31 04:00:00+00,312,positive,2024-12-09 16:00:01.938486+00,284070
,,2022-05-20 04:00:00+00,2249,negative,2024-12-09 16:00:01.938486+00,284071
,,2023-09-27 04:00:00+00,167,negative,2024-12-09 16:00:01.938486+00,284072
,,2020-07-27 04:00:00+00,2670,negative,2024-12-09 16:00:01.938486+00,284073
,,2020-04-01 04:00:00+00,446,positive,2024-12-09 16:00:01.938486+00,284074
,,2022-09-24 04:00:00+00,118,positive,2024-12-09 16:00:01.938486+00,284075
,,2022-01-17 05:00:00+00,4893,negative,2024-12-09 16:00:01.938486+00,284076
,,2020-04-20 04:00:00+00,899,negative,2024-12-09 16:00:01.938486+00,284077
,,2022-08-26 04:00:00+00,1766,negative,2024-12-09 16:00:01.938486+00,284078
,,2020-09-10 04:00:00+00,123,positive,2024-12-09 16:00:01.938486+00,284079
,,2021-12-03 05:00:00+00,534,positive,2024-12-09 16:00:01.938486+00,284080
,,2022-04-15 04:00:00+00,258,positive,2024-12-09 16:00:01.938486+00,284081
,,2021-08-12 04:00:00+00,4440,negative,2024-12-09 16:00:01.938486+00,284082
,,2023-11-01 04:00:00+00,85,positive,2024-12-09 16:00:01.938486+00,284083
,,2024-03-03 05:00:00+00,167,negative,2024-12-09 16:00:01.938486+00,284084
,,2023-08-31 04:00:00+00,165,negative,2024-12-09 16:00:01.938486+00,284085
,,2023-12-28 05:00:00+00,213,positive,2024-12-09 16:00:01.938486+00,284086
,,2022-06-16 04:00:00+00,2331,negative,2024-12-09 16:00:01.938486+00,284087
,,2020-07-02 04:00:00+00,2538,negative,2024-12-09 16:00:01.938486+00,284088
,,2021-10-09 04:00:00+00,211,positive,2024-12-09 16:00:01.938486+00,284089
,,2022-02-11 05:00:00+00,7000,negative,2024-12-09 16:00:01.938486+00,284090
,,2022-10-31 04:00:00+00,229,positive,2024-12-09 16:00:01.938486+00,284091
,,2023-07-19 04:00:00+00,66,negative,2024-12-09 16:00:01.938486+00,284092
,,2021-06-21 04:00:00+00,41,positive,2024-12-09 16:00:01.938486+00,284093
,,2024-04-16 04:00:00+00,16,positive,2024-12-09 16:00:01.938486+00,284094
,,2023-03-26 04:00:00+00,34,positive,2024-12-09 16:00:01.938486+00,284095
,,2021-02-06 05:00:00+00,6385,negative,2024-12-09 16:00:01.938486+00,284096
,,2021-10-23 04:00:00+00,140,positive,2024-12-09 16:00:01.938486+00,284097
,,2020-06-14 04:00:00+00,1518,negative,2024-12-09 16:00:01.938486+00,284098
,,2022-07-12 04:00:00+00,2093,negative,2024-12-09 16:00:01.938486+00,284099
,,2023-12-22 05:00:00+00,135,positive,2024-12-09 16:00:01.938486+00,284100
,,2022-03-01 05:00:00+00,6397,negative,2024-12-09 16:00:01.938486+00,284101
,,2023-08-05 04:00:00+00,90,negative,2024-12-09 16:00:01.938486+00,284102
,,2022-11-06 04:00:00+00,135,positive,2024-12-09 16:00:01.938486+00,284103
,,2022-03-08 05:00:00+00,81,positive,2024-12-09 16:00:01.938486+00,284104
,,2020-06-07 04:00:00+00,56,positive,2024-12-09 16:00:01.938486+00,284105
,,2022-07-09 04:00:00+00,275,positive,2024-12-09 16:00:01.938486+00,284106
,,2023-12-19 05:00:00+00,275,negative,2024-12-09 16:00:01.938486+00,284107
,,2022-11-09 05:00:00+00,1832,negative,2024-12-09 16:00:01.938486+00,284108
,,2021-10-16 04:00:00+00,3119,negative,2024-12-09 16:00:01.938486+00,284109
,,2023-08-08 04:00:00+00,62,positive,2024-12-09 16:00:01.938486+00,284110
,,2021-10-02 04:00:00+00,168,positive,2024-12-09 16:00:01.938486+00,284111
,,2022-10-26 04:00:00+00,233,positive,2024-12-09 16:00:01.938486+00,284112
,,2022-02-18 05:00:00+00,5712,negative,2024-12-09 16:00:01.938486+00,284113
,,2023-08-26 04:00:00+00,98,negative,2024-12-09 16:00:01.938486+00,284114
,,2024-01-02 05:00:00+00,219,positive,2024-12-09 16:00:01.938486+00,284115
,,2020-06-25 04:00:00+00,2405,negative,2024-12-09 16:00:01.938486+00,284116
,,2022-06-21 04:00:00+00,2432,negative,2024-12-09 16:00:01.938486+00,284117
,,2023-06-27 04:00:00+00,97,negative,2024-12-09 16:00:01.938486+00,284118
,,2021-01-15 05:00:00+00,9877,negative,2024-12-09 16:00:01.938486+00,284119
,,2021-05-10 04:00:00+00,249,positive,2024-12-09 16:00:01.938486+00,284120
,,2023-02-12 05:00:00+00,113,positive,2024-12-09 16:00:01.938486+00,284121
,,2020-12-09 05:00:00+00,1132,positive,2024-12-09 16:00:01.938486+00,284122
,,2021-04-13 04:00:00+00,11500,negative,2024-12-09 16:00:01.938486+00,284123
,,2023-05-27 04:00:00+00,12,positive,2024-12-09 16:00:01.938486+00,284124
,,2023-01-10 05:00:00+00,1154,negative,2024-12-09 16:00:01.938486+00,284125
,,2020-07-30 04:00:00+00,139,positive,2024-12-09 16:00:01.938486+00,284126
,,2023-09-20 04:00:00+00,146,positive,2024-12-09 16:00:01.938486+00,284127
,,2022-05-27 04:00:00+00,442,positive,2024-12-09 16:00:01.938486+00,284128
,,2022-01-14 05:00:00+00,2036,positive,2024-12-09 16:00:01.938486+00,284129
,,2022-09-17 04:00:00+00,1171,negative,2024-12-09 16:00:01.938486+00,284130
,,2024-02-10 05:00:00+00,160,negative,2024-12-09 16:00:01.938486+00,284131
,,2021-09-03 04:00:00+00,4903,negative,2024-12-09 16:00:01.938486+00,284132
,,2020-03-29 04:00:00+00,625,negative,2024-12-09 16:00:01.938486+00,284133
,,2023-01-26 05:00:00+00,263,positive,2024-12-09 16:00:01.938486+00,284134
,,2023-06-12 04:00:00+00,125,negative,2024-12-09 16:00:01.938486+00,284135
,,2021-04-29 04:00:00+00,447,positive,2024-12-09 16:00:01.938486+00,284136
,,2020-12-25 05:00:00+00,4283,negative,2024-12-09 16:00:01.938486+00,284137
,,2021-04-06 04:00:00+00,673,positive,2024-12-09 16:00:01.938486+00,284138
,,2020-11-14 05:00:00+00,6032,negative,2024-12-09 16:00:01.938486+00,284139
,,2023-01-01 05:00:00+00,157,positive,2024-12-09 16:00:01.938486+00,284140
,,2023-05-04 04:00:00+00,572,negative,2024-12-09 16:00:01.938486+00,284141
,,2023-04-19 04:00:00+00,16,positive,2024-12-09 16:00:01.938486+00,284142
,,2021-03-18 04:00:00+00,8105,negative,2024-12-09 16:00:01.938486+00,284143
,,2020-11-01 04:00:00+00,270,positive,2024-12-09 16:00:01.938486+00,284144
,,2022-12-15 05:00:00+00,1555,negative,2024-12-09 16:00:01.938486+00,284145
,,2023-12-14 05:00:00+00,118,positive,2024-12-09 16:00:01.938486+00,284146
,,2021-10-31 04:00:00+00,137,positive,2024-12-09 16:00:01.938486+00,284147
,,2022-11-14 05:00:00+00,219,positive,2024-12-09 16:00:01.938486+00,284148
,,2022-02-21 05:00:00+00,4321,negative,2024-12-09 16:00:01.938486+00,284149
,,2023-08-13 04:00:00+00,77,negative,2024-12-09 16:00:01.938486+00,284150
,,2020-06-22 04:00:00+00,2213,negative,2024-12-09 16:00:01.938486+00,284151
,,2022-07-04 04:00:00+00,1011,negative,2024-12-09 16:00:01.938486+00,284152
,,2023-03-26 04:00:00+00,669,negative,2024-12-09 16:00:01.938486+00,284153
,,2023-07-19 04:00:00+00,15,positive,2024-12-09 16:00:01.938486+00,284154
,,2024-04-16 04:00:00+00,154,negative,2024-12-09 16:00:01.938486+00,284155
,,2021-02-06 05:00:00+00,293,positive,2024-12-09 16:00:01.938486+00,284156
,,2021-06-21 04:00:00+00,3762,negative,2024-12-09 16:00:01.938486+00,284157
,,2021-02-23 05:00:00+00,311,positive,2024-12-09 16:00:01.938486+00,284158
,,2020-10-23 04:00:00+00,6907,negative,2024-12-09 16:00:01.938486+00,284159
,,2022-11-20 05:00:00+00,108,positive,2024-12-09 16:00:01.938486+00,284160
,,2023-04-12 04:00:00+00,630,negative,2024-12-09 16:00:01.938486+00,284161
,,2023-11-19 05:00:00+00,60,positive,2024-12-09 16:00:01.938486+00,284162
,,2021-07-21 04:00:00+00,4132,negative,2024-12-09 16:00:01.938486+00,284163
,,2020-09-20 04:00:00+00,37,positive,2024-12-09 16:00:01.938486+00,284164
,,2022-08-12 04:00:00+00,2032,negative,2024-12-09 16:00:01.938486+00,284165
,,2022-03-28 04:00:00+00,123,positive,2024-12-09 16:00:01.938486+00,284166
,,2024-03-17 04:00:00+00,150,negative,2024-12-09 16:00:01.938486+00,284167
,,2020-05-12 04:00:00+00,1430,negative,2024-12-09 16:00:01.938486+00,284168
,,2021-11-23 05:00:00+00,309,positive,2024-12-09 16:00:01.938486+00,284169
,,2021-05-21 04:00:00+00,146,positive,2024-12-09 16:00:01.938486+00,284170
,,2021-01-04 05:00:00+00,6339,negative,2024-12-09 16:00:01.938486+00,284171
,,2023-02-17 05:00:00+00,173,positive,2024-12-09 16:00:01.938486+00,284172
,,2023-06-22 04:00:00+00,118,negative,2024-12-09 16:00:01.938486+00,284173
,,2020-04-17 04:00:00+00,976,negative,2024-12-09 16:00:01.938486+00,284174
,,2023-10-13 04:00:00+00,54,positive,2024-12-09 16:00:01.938486+00,284175
,,2022-09-08 04:00:00+00,1874,negative,2024-12-09 16:00:01.938486+00,284176
,,2020-08-12 04:00:00+00,125,positive,2024-12-09 16:00:01.938486+00,284177
,,2021-08-15 04:00:00+00,2374,negative,2024-12-09 16:00:01.938486+00,284178
,,2024-02-19 05:00:00+00,179,negative,2024-12-09 16:00:01.938486+00,284179
,,2022-01-01 05:00:00+00,1284,positive,2024-12-09 16:00:01.938486+00,284180
,,2022-05-04 04:00:00+00,383,positive,2024-12-09 16:00:01.938486+00,284181
,,2020-11-30 05:00:00+00,1281,positive,2024-12-09 16:00:01.938486+00,284182
,,2023-05-20 04:00:00+00,10,positive,2024-12-09 16:00:01.938486+00,284183
,,2021-04-22 04:00:00+00,9926,negative,2024-12-09 16:00:01.938486+00,284184
,,2023-01-17 05:00:00+00,1147,negative,2024-12-09 16:00:01.938486+00,284185
,,2023-10-23 04:00:00+00,168,negative,2024-12-09 16:00:01.938486+00,284186
,,2020-05-01 04:00:00+00,330,positive,2024-12-09 16:00:01.938486+00,284187
,,2020-08-30 04:00:00+00,2831,negative,2024-12-09 16:00:01.938486+00,284188
,,2021-08-01 04:00:00+00,128,positive,2024-12-09 16:00:01.938486+00,284189
,,2022-08-17 04:00:00+00,299,positive,2024-12-09 16:00:01.938486+00,284190
,,2021-12-14 05:00:00+00,11043,negative,2024-12-09 16:00:01.938486+00,284191
,,2022-04-24 04:00:00+00,1523,negative,2024-12-09 16:00:01.938486+00,284192
,,2024-03-12 04:00:00+00,45,positive,2024-12-09 16:00:01.938486+00,284193
,,2024-02-28 05:00:00+00,78,positive,2024-12-09 16:00:01.938486+00,284194
,,2023-11-05 04:00:00+00,134,negative,2024-12-09 16:00:01.938486+00,284195
,,2022-04-11 04:00:00+00,3583,negative,2024-12-09 16:00:01.938486+00,284196
,,2021-08-08 04:00:00+00,171,positive,2024-12-09 16:00:01.938486+00,284197
,,2020-09-06 04:00:00+00,3172,negative,2024-12-09 16:00:01.938486+00,284198
,,2021-12-07 05:00:00+00,12123,negative,2024-12-09 16:00:01.938486+00,284199
,,2020-04-24 04:00:00+00,474,positive,2024-12-09 16:00:01.938486+00,284200
,,2022-08-30 04:00:00+00,304,positive,2024-12-09 16:00:01.938486+00,284201
,,2022-12-10 05:00:00+00,1086,negative,2024-12-09 16:00:01.938486+00,284202
,,2023-04-24 04:00:00+00,21,positive,2024-12-09 16:00:01.938486+00,284203
,,2021-03-07 05:00:00+00,3189,negative,2024-12-09 16:00:01.938486+00,284204
,,2020-11-12 05:00:00+00,1147,positive,2024-12-09 16:00:01.938486+00,284205
,,2020-09-30 04:00:00+00,183,positive,2024-12-09 16:00:01.938486+00,284206
,,2023-11-29 05:00:00+00,108,positive,2024-12-09 16:00:01.938486+00,284207
,,2022-07-21 04:00:00+00,2184,negative,2024-12-09 16:00:01.938486+00,284208
,,2024-04-08 04:00:00+00,168,negative,2024-12-09 16:00:01.938486+00,284209
,,2021-06-29 04:00:00+00,3479,negative,2024-12-09 16:00:01.938486+00,284210
,,2021-11-13 05:00:00+00,187,positive,2024-12-09 16:00:01.938486+00,284211
,,2020-06-03 04:00:00+00,2077,negative,2024-12-09 16:00:01.938486+00,284212
,,2022-03-18 04:00:00+00,50,positive,2024-12-09 16:00:01.938486+00,284213
,,2021-02-15 05:00:00+00,6740,negative,2024-12-09 16:00:01.938486+00,284214
,,2024-04-23 04:00:00+00,11,positive,2024-12-09 16:00:01.938486+00,284215
,,2021-06-12 04:00:00+00,24,positive,2024-12-09 16:00:01.938486+00,284216
,,2023-03-19 04:00:00+00,46,positive,2024-12-09 16:00:01.938486+00,284217
,,2023-07-26 04:00:00+00,79,negative,2024-12-09 16:00:01.938486+00,284218
,,2021-07-18 04:00:00+00,1681,negative,2024-12-09 16:00:01.938486+00,284219
,,2023-11-10 05:00:00+00,80,positive,2024-12-09 16:00:01.938486+00,284220
,,2022-04-06 04:00:00+00,241,positive,2024-12-09 16:00:01.938486+00,284221
,,2020-09-17 04:00:00+00,90,positive,2024-12-09 16:00:01.938486+00,284222
,,2022-08-03 04:00:00+00,1944,negative,2024-12-09 16:00:01.938486+00,284223
,,2024-03-26 04:00:00+00,200,negative,2024-12-09 16:00:01.938486+00,284224
,,2021-11-26 05:00:00+00,344,positive,2024-12-09 16:00:01.938486+00,284225
,,2020-05-15 04:00:00+00,1892,negative,2024-12-09 16:00:01.938486+00,284226
,,2023-04-30 04:00:00+00,349,negative,2024-12-09 16:00:01.938486+00,284227
,,2021-04-02 04:00:00+00,591,positive,2024-12-09 16:00:01.938486+00,284228
,,2023-01-05 05:00:00+00,337,positive,2024-12-09 16:00:01.938486+00,284229
,,2020-11-18 05:00:00+00,8758,negative,2024-12-09 16:00:01.938486+00,284230
,,2021-01-11 05:00:00+00,751,positive,2024-12-09 16:00:01.938486+00,284231
,,2023-02-08 05:00:00+00,1249,negative,2024-12-09 16:00:01.938486+00,284232
,,2023-07-01 04:00:00+00,12,positive,2024-12-09 16:00:01.938486+00,284233
,,2021-05-14 04:00:00+00,9695,negative,2024-12-09 16:00:01.938486+00,284234
,,2022-01-05 05:00:00+00,9247,negative,2024-12-09 16:00:01.938486+00,284235
,,2020-03-20 04:00:00+00,137,positive,2024-12-09 16:00:01.938486+00,284236
,,2021-09-12 04:00:00+00,228,positive,2024-12-09 16:00:01.938486+00,284237
,,2023-10-01 04:00:00+00,106,negative,2024-12-09 16:00:01.938486+00,284238
,,2024-01-30 05:00:00+00,122,positive,2024-12-09 16:00:01.938486+00,284239
,,2022-05-16 04:00:00+00,3422,negative,2024-12-09 16:00:01.938486+00,284240
,,2022-09-28 04:00:00+00,223,positive,2024-12-09 16:00:01.938486+00,284241
,,2020-08-08 04:00:00+00,2598,negative,2024-12-09 16:00:01.938486+00,284242
,,2023-01-14 05:00:00+00,746,negative,2024-12-09 16:00:01.938486+00,284243
,,2021-04-09 04:00:00+00,10751,negative,2024-12-09 16:00:01.938486+00,284244
,,2020-12-13 05:00:00+00,362,positive,2024-12-09 16:00:01.938486+00,284245
,,2023-05-23 04:00:00+00,18,positive,2024-12-09 16:00:01.938486+00,284246
,,2020-11-29 05:00:00+00,4802,negative,2024-12-09 16:00:01.938486+00,284247
,,2022-12-27 05:00:00+00,319,positive,2024-12-09 16:00:01.938486+00,284248
,,2023-05-09 04:00:00+00,547,negative,2024-12-09 16:00:01.938486+00,284249
,,2021-03-22 04:00:00+00,597,positive,2024-12-09 16:00:01.938486+00,284250
,,2021-01-24 05:00:00+00,4174,negative,2024-12-09 16:00:01.938486+00,284251
,,2023-03-09 05:00:00+00,77,positive,2024-12-09 16:00:01.938486+00,284252
,,2021-06-02 04:00:00+00,71,positive,2024-12-09 16:00:01.938486+00,284253
,,2023-07-04 04:00:00+00,78,negative,2024-12-09 16:00:01.938486+00,284254
,,2023-08-04 04:00:00+00,36,positive,2024-12-09 16:00:01.938486+00,284255
,,2021-10-20 04:00:00+00,12097,negative,2024-12-09 16:00:01.938486+00,284256
,,2022-11-05 04:00:00+00,1196,negative,2024-12-09 16:00:01.938486+00,284257
,,2023-12-23 05:00:00+00,175,negative,2024-12-09 16:00:01.938486+00,284258
,,2022-03-04 05:00:00+00,55,positive,2024-12-09 16:00:01.938486+00,284259
,,2020-06-11 04:00:00+00,100,positive,2024-12-09 16:00:01.938486+00,284260
,,2022-07-13 04:00:00+00,397,positive,2024-12-09 16:00:01.938486+00,284261
,,2023-04-10 04:00:00+00,31,positive,2024-12-09 16:00:01.938486+00,284262
,,2021-02-25 05:00:00+00,9573,negative,2024-12-09 16:00:01.938486+00,284263
,,2022-11-22 05:00:00+00,1964,negative,2024-12-09 16:00:01.938486+00,284264
,,2020-10-21 04:00:00+00,429,positive,2024-12-09 16:00:01.938486+00,284265
,,2021-06-25 04:00:00+00,31,positive,2024-12-09 16:00:01.938486+00,284266
,,2021-02-02 05:00:00+00,3357,negative,2024-12-09 16:00:01.938486+00,284267
,,2023-07-23 04:00:00+00,68,negative,2024-12-09 16:00:01.938486+00,284268
,,2023-03-22 04:00:00+00,42,positive,2024-12-09 16:00:01.938486+00,284269
,,2024-04-20 04:00:00+00,11,positive,2024-12-09 16:00:01.938486+00,284270
,,2020-07-06 04:00:00+00,2807,negative,2024-12-09 16:00:01.938486+00,284271
,,2022-02-07 05:00:00+00,8881,negative,2024-12-09 16:00:01.938486+00,284272
,,2024-01-01 05:00:00+00,121,positive,2024-12-09 16:00:01.938486+00,284273
,,2023-08-27 04:00:00+00,108,negative,2024-12-09 16:00:01.938486+00,284274
,,2021-10-13 04:00:00+00,330,positive,2024-12-09 16:00:01.938486+00,284275
,,2022-10-27 04:00:00+00,208,positive,2024-12-09 16:00:01.938486+00,284276
,,2022-06-20 04:00:00+00,1801,negative,2024-12-09 16:00:01.938486+00,284277
,,2022-06-01 04:00:00+00,520,positive,2024-12-09 16:00:01.938486+00,284278
,,2024-01-14 05:00:00+00,180,negative,2024-12-09 16:00:01.938486+00,284279
,,2021-09-28 04:00:00+00,10146,negative,2024-12-09 16:00:01.938486+00,284280
,,2022-10-14 04:00:00+00,1551,negative,2024-12-09 16:00:01.938486+00,284281
,,2023-09-15 04:00:00+00,111,positive,2024-12-09 16:00:01.938486+00,284282
,,2020-07-23 04:00:00+00,188,positive,2024-12-09 16:00:01.938486+00,284283
,,2022-01-21 05:00:00+00,943,positive,2024-12-09 16:00:01.938486+00,284284
,,2021-09-04 04:00:00+00,231,positive,2024-12-09 16:00:01.938486+00,284285
,,2022-01-13 05:00:00+00,10177,negative,2024-12-09 16:00:01.938486+00,284286
,,2022-09-20 04:00:00+00,258,positive,2024-12-09 16:00:01.938486+00,284287
,,2022-05-24 04:00:00+00,2952,negative,2024-12-09 16:00:01.938486+00,284288
,,2020-03-28 04:00:00+00,201,positive,2024-12-09 16:00:01.938486+00,284289
,,2020-07-31 04:00:00+00,3538,negative,2024-12-09 16:00:01.938486+00,284290
,,2024-02-07 05:00:00+00,126,positive,2024-12-09 16:00:01.938486+00,284291
,,2023-09-23 04:00:00+00,98,negative,2024-12-09 16:00:01.938486+00,284292
,,2023-05-31 04:00:00+00,113,negative,2024-12-09 16:00:01.938486+00,284293
,,2021-05-03 04:00:00+00,339,positive,2024-12-09 16:00:01.938486+00,284294
,,2023-02-07 05:00:00+00,291,positive,2024-12-09 16:00:01.938486+00,284295
,,2020-12-21 05:00:00+00,6064,negative,2024-12-09 16:00:01.938486+00,284296
,,2024-02-08 05:00:00+00,120,positive,2024-12-09 16:00:01.938486+00,284297
,,2022-09-19 04:00:00+00,273,positive,2024-12-09 16:00:01.938486+00,284298
,,2020-08-01 04:00:00+00,2348,negative,2024-12-09 16:00:01.938486+00,284299
,,2022-01-12 05:00:00+00,10065,negative,2024-12-09 16:00:01.938486+00,284300
,,2022-05-25 04:00:00+00,2944,negative,2024-12-09 16:00:01.938486+00,284301
,,2020-03-27 04:00:00+00,317,positive,2024-12-09 16:00:01.938486+00,284302
,,2023-09-22 04:00:00+00,143,negative,2024-12-09 16:00:01.938486+00,284303
,,2021-09-05 04:00:00+00,158,positive,2024-12-09 16:00:01.938486+00,284304
,,2022-04-20 04:00:00+00,268,positive,2024-12-09 16:00:01.938486+00,284305
,,2022-08-21 04:00:00+00,1048,negative,2024-12-09 16:00:01.938486+00,284306
,,2023-10-27 04:00:00+00,80,positive,2024-12-09 16:00:01.938486+00,284307
,,2021-12-18 05:00:00+00,688,positive,2024-12-09 16:00:01.938486+00,284308
,,2020-08-26 04:00:00+00,133,positive,2024-12-09 16:00:01.938486+00,284309
,,2024-03-08 05:00:00+00,209,negative,2024-12-09 16:00:01.938486+00,284310
,,2020-05-05 04:00:00+00,1338,negative,2024-12-09 16:00:01.938486+00,284311
,,2021-07-28 04:00:00+00,4063,negative,2024-12-09 16:00:01.938486+00,284312
,,2022-02-08 05:00:00+00,8900,negative,2024-12-09 16:00:01.938486+00,284313
,,2022-10-28 04:00:00+00,210,positive,2024-12-09 16:00:01.938486+00,284314
,,2020-07-05 04:00:00+00,1877,negative,2024-12-09 16:00:01.938486+00,284315
,,2021-10-12 04:00:00+00,353,positive,2024-12-09 16:00:01.938486+00,284316
,,2023-08-28 04:00:00+00,159,negative,2024-12-09 16:00:01.938486+00,284317
,,2022-06-19 04:00:00+00,1236,negative,2024-12-09 16:00:01.938486+00,284318
,,2023-12-31 05:00:00+00,112,positive,2024-12-09 16:00:01.938486+00,284319
,,2021-06-10 04:00:00+00,5835,negative,2024-12-09 16:00:01.938486+00,284320
,,2021-02-17 05:00:00+00,337,positive,2024-12-09 16:00:01.938486+00,284321
,,2024-04-25 04:00:00+00,115,negative,2024-12-09 16:00:01.938486+00,284322
,,2023-07-28 04:00:00+00,31,positive,2024-12-09 16:00:01.938486+00,284323
,,2023-03-17 04:00:00+00,822,negative,2024-12-09 16:00:01.938486+00,284324
,,2021-02-24 05:00:00+00,8838,negative,2024-12-09 16:00:01.938486+00,284325
,,2022-11-23 05:00:00+00,1678,negative,2024-12-09 16:00:01.938486+00,284326
,,2023-04-09 04:00:00+00,13,positive,2024-12-09 16:00:01.938486+00,284327
,,2020-10-22 04:00:00+00,438,positive,2024-12-09 16:00:01.938486+00,284328
,,2023-12-08 05:00:00+00,112,positive,2024-12-09 16:00:01.938486+00,284329
,,2022-03-09 05:00:00+00,64,positive,2024-12-09 16:00:01.938486+00,284330
,,2020-10-07 04:00:00+00,235,positive,2024-12-09 16:00:01.938486+00,284331
,,2021-07-06 04:00:00+00,3964,negative,2024-12-09 16:00:01.938486+00,284332
,,2020-05-27 04:00:00+00,2235,negative,2024-12-09 16:00:01.938486+00,284333
,,2021-11-06 04:00:00+00,134,positive,2024-12-09 16:00:01.938486+00,284334
,,2022-07-30 04:00:00+00,1197,negative,2024-12-09 16:00:01.938486+00,284335
,,2024-03-30 04:00:00+00,130,negative,2024-12-09 16:00:01.938486+00,284336
,,2021-06-03 04:00:00+00,73,positive,2024-12-09 16:00:01.938486+00,284337
,,2023-03-08 05:00:00+00,101,positive,2024-12-09 16:00:01.938486+00,284338
,,2023-07-05 04:00:00+00,72,negative,2024-12-09 16:00:01.938486+00,284339
,,2021-01-23 05:00:00+00,6570,negative,2024-12-09 16:00:01.938486+00,284340
,,2022-06-06 04:00:00+00,427,positive,2024-12-09 16:00:01.938486+00,284341
,,2020-07-12 04:00:00+00,94,positive,2024-12-09 16:00:01.938486+00,284342
,,2024-01-19 05:00:00+00,177,negative,2024-12-09 16:00:01.938486+00,284343
,,2021-09-17 04:00:00+00,9872,negative,2024-12-09 16:00:01.938486+00,284344
,,2022-10-09 04:00:00+00,1106,negative,2024-12-09 16:00:01.938486+00,284345
,,2022-02-01 05:00:00+00,564,positive,2024-12-09 16:00:01.938486+00,284346
,,2023-09-10 04:00:00+00,64,positive,2024-12-09 16:00:01.938486+00,284347
,,2023-05-24 04:00:00+00,24,positive,2024-12-09 16:00:01.938486+00,284348
,,2020-12-12 05:00:00+00,514,positive,2024-12-09 16:00:01.938486+00,284349
,,2021-04-10 04:00:00+00,5514,negative,2024-12-09 16:00:01.938486+00,284350
,,2023-01-13 05:00:00+00,1117,negative,2024-12-09 16:00:01.938486+00,284351
,,2020-08-10 04:00:00+00,3285,negative,2024-12-09 16:00:01.938486+00,284352
,,2021-08-13 04:00:00+00,337,positive,2024-12-09 16:00:01.938486+00,284353
,,2024-02-21 05:00:00+00,91,positive,2024-12-09 16:00:01.938486+00,284354
,,2020-04-19 04:00:00+00,218,positive,2024-12-09 16:00:01.938486+00,284355
,,2023-10-11 04:00:00+00,165,negative,2024-12-09 16:00:01.938486+00,284356
,,2022-09-06 04:00:00+00,358,positive,2024-12-09 16:00:01.938486+00,284357
,,2022-05-06 04:00:00+00,2738,negative,2024-12-09 16:00:01.938486+00,284358
,,2022-01-03 05:00:00+00,7815,negative,2024-12-09 16:00:01.938486+00,284359
,,2023-06-30 04:00:00+00,16,positive,2024-12-09 16:00:01.938486+00,284360
,,2023-02-09 05:00:00+00,1330,negative,2024-12-09 16:00:01.938486+00,284361
,,2021-01-12 05:00:00+00,605,positive,2024-12-09 16:00:01.938486+00,284362
,,2021-05-13 04:00:00+00,6164,negative,2024-12-09 16:00:01.938486+00,284363
,,2022-12-23 05:00:00+00,1339,negative,2024-12-09 16:00:01.938486+00,284364
,,2020-11-25 05:00:00+00,1143,positive,2024-12-09 16:00:01.938486+00,284365
,,2023-05-13 04:00:00+00,10,positive,2024-12-09 16:00:01.938486+00,284366
,,2021-03-26 04:00:00+00,7913,negative,2024-12-09 16:00:01.938486+00,284367
,,2021-07-19 04:00:00+00,4010,negative,2024-12-09 16:00:01.938486+00,284368
,,2022-04-07 04:00:00+00,168,positive,2024-12-09 16:00:01.938486+00,284369
,,2023-11-09 05:00:00+00,106,positive,2024-12-09 16:00:01.938486+00,284370
,,2020-09-18 04:00:00+00,115,positive,2024-12-09 16:00:01.938486+00,284371
,,2021-11-25 05:00:00+00,72,positive,2024-12-09 16:00:01.938486+00,284372
,,2024-03-27 04:00:00+00,197,negative,2024-12-09 16:00:01.938486+00,284373
,,2020-05-14 04:00:00+00,1934,negative,2024-12-09 16:00:01.938486+00,284374
,,2022-08-02 04:00:00+00,2084,negative,2024-12-09 16:00:01.938486+00,284375
,,2023-04-03 04:00:00+00,707,negative,2024-12-09 16:00:01.938486+00,284376
,,2021-03-02 05:00:00+00,288,positive,2024-12-09 16:00:01.938486+00,284377
,,2022-11-29 05:00:00+00,262,positive,2024-12-09 16:00:01.938486+00,284378
,,2020-10-16 04:00:00+00,5402,negative,2024-12-09 16:00:01.938486+00,284379
,,2020-09-29 04:00:00+00,157,positive,2024-12-09 16:00:01.938486+00,284380
,,2021-06-28 04:00:00+00,3327,negative,2024-12-09 16:00:01.938486+00,284381
,,2022-03-17 04:00:00+00,69,positive,2024-12-09 16:00:01.938486+00,284382
,,2020-06-04 04:00:00+00,1562,negative,2024-12-09 16:00:01.938486+00,284383
,,2022-07-22 04:00:00+00,1721,negative,2024-12-09 16:00:01.938486+00,284384
,,2024-04-07 04:00:00+00,120,negative,2024-12-09 16:00:01.938486+00,284385
,,2021-11-14 05:00:00+00,168,positive,2024-12-09 16:00:01.938486+00,284386
,,2023-11-30 05:00:00+00,106,positive,2024-12-09 16:00:01.938486+00,284387
,,2022-12-18 05:00:00+00,135,positive,2024-12-09 16:00:01.938486+00,284388
,,2021-03-15 04:00:00+00,495,positive,2024-12-09 16:00:01.938486+00,284389
,,2020-11-04 05:00:00+00,6034,negative,2024-12-09 16:00:01.938486+00,284390
,,2023-04-16 04:00:00+00,376,negative,2024-12-09 16:00:01.938486+00,284391
,,2020-04-25 04:00:00+00,254,positive,2024-12-09 16:00:01.938486+00,284392
,,2023-11-06 05:00:00+00,194,negative,2024-12-09 16:00:01.938486+00,284393
,,2020-09-05 04:00:00+00,2890,negative,2024-12-09 16:00:01.938486+00,284394
,,2022-08-31 04:00:00+00,291,positive,2024-12-09 16:00:01.938486+00,284395
,,2021-12-08 05:00:00+00,12439,negative,2024-12-09 16:00:01.938486+00,284396
,,2021-08-07 04:00:00+00,175,positive,2024-12-09 16:00:01.938486+00,284397
,,2022-04-10 04:00:00+00,1319,negative,2024-12-09 16:00:01.938486+00,284398
,,2024-02-27 05:00:00+00,95,positive,2024-12-09 16:00:01.938486+00,284399
,,2022-10-18 04:00:00+00,209,positive,2024-12-09 16:00:01.938486+00,284400
,,2022-05-28 04:00:00+00,1463,negative,2024-12-09 16:00:01.938486+00,284401
,,2022-01-25 05:00:00+00,10660,negative,2024-12-09 16:00:01.938486+00,284402
,,2023-09-19 04:00:00+00,128,negative,2024-12-09 16:00:01.938486+00,284403
,,2021-09-24 04:00:00+00,283,positive,2024-12-09 16:00:01.938486+00,284404
,,2024-01-10 05:00:00+00,177,positive,2024-12-09 16:00:01.938486+00,284405
,,2020-07-19 04:00:00+00,2363,negative,2024-12-09 16:00:01.938486+00,284406
,,2023-05-19 04:00:00+00,25,positive,2024-12-09 16:00:01.938486+00,284407
,,2021-04-21 04:00:00+00,8066,negative,2024-12-09 16:00:01.938486+00,284408
,,2020-12-01 05:00:00+00,1299,positive,2024-12-09 16:00:01.938486+00,284409
,,2023-01-18 05:00:00+00,1294,negative,2024-12-09 16:00:01.938486+00,284410
,,2020-08-23 04:00:00+00,2297,negative,2024-12-09 16:00:01.938486+00,284411
,,2020-04-06 04:00:00+00,584,positive,2024-12-09 16:00:01.938486+00,284412
,,2021-08-26 04:00:00+00,357,positive,2024-12-09 16:00:01.938486+00,284413
,,2024-02-18 05:00:00+00,59,positive,2024-12-09 16:00:01.938486+00,284414
,,2023-10-14 04:00:00+00,138,negative,2024-12-09 16:00:01.938486+00,284415
,,2022-05-03 04:00:00+00,2924,negative,2024-12-09 16:00:01.938486+00,284416
,,2021-12-21 05:00:00+00,12801,negative,2024-12-09 16:00:01.938486+00,284417
,,2022-09-09 04:00:00+00,247,positive,2024-12-09 16:00:01.938486+00,284418
,,2021-05-22 04:00:00+00,82,positive,2024-12-09 16:00:01.938486+00,284419
,,2023-02-16 05:00:00+00,204,positive,2024-12-09 16:00:01.938486+00,284420
,,2023-06-23 04:00:00+00,114,negative,2024-12-09 16:00:01.938486+00,284421
,,2021-01-03 05:00:00+00,4035,negative,2024-12-09 16:00:01.938486+00,284422
,,2021-10-07 04:00:00+00,10766,negative,2024-12-09 16:00:01.938486+00,284423
,,2020-06-30 04:00:00+00,149,positive,2024-12-09 16:00:01.938486+00,284424
,,2022-02-13 05:00:00+00,72,positive,2024-12-09 16:00:01.938486+00,284425
,,2022-06-26 04:00:00+00,203,positive,2024-12-09 16:00:01.938486+00,284426
,,2022-10-21 04:00:00+00,1529,negative,2024-12-09 16:00:01.938486+00,284427
,,2024-01-07 05:00:00+00,230,negative,2024-12-09 16:00:01.938486+00,284428
,,2023-08-21 04:00:00+00,89,positive,2024-12-09 16:00:01.938486+00,284429
,,2021-02-22 05:00:00+00,293,positive,2024-12-09 16:00:01.938486+00,284430
,,2023-04-11 04:00:00+00,616,negative,2024-12-09 16:00:01.938486+00,284431
,,2020-10-24 04:00:00+00,4722,negative,2024-12-09 16:00:01.938486+00,284432
,,2022-11-21 05:00:00+00,218,positive,2024-12-09 16:00:01.938486+00,284433
,,2021-07-04 04:00:00+00,10,positive,2024-12-09 16:00:01.938486+00,284434
,,2022-07-28 04:00:00+00,355,positive,2024-12-09 16:00:01.938486+00,284435
,,2024-04-01 04:00:00+00,28,positive,2024-12-09 16:00:01.938486+00,284436
,,2022-03-11 05:00:00+00,4382,negative,2024-12-09 16:00:01.938486+00,284437
,,2020-05-29 04:00:00+00,196,positive,2024-12-09 16:00:01.938486+00,284438
,,2020-10-05 04:00:00+00,4300,negative,2024-12-09 16:00:01.938486+00,284439
,,2023-12-06 05:00:00+00,207,negative,2024-12-09 16:00:01.938486+00,284440
,,2021-11-08 05:00:00+00,10950,negative,2024-12-09 16:00:01.938486+00,284441
,,2022-11-15 05:00:00+00,181,positive,2024-12-09 16:00:01.938486+00,284442
,,2022-07-03 04:00:00+00,1220,negative,2024-12-09 16:00:01.938486+00,284443
,,2023-08-14 04:00:00+00,116,negative,2024-12-09 16:00:01.938486+00,284444
,,2020-06-21 04:00:00+00,1474,negative,2024-12-09 16:00:01.938486+00,284445
,,2023-12-13 05:00:00+00,126,positive,2024-12-09 16:00:01.938486+00,284446
,,2021-10-30 04:00:00+00,119,positive,2024-12-09 16:00:01.938486+00,284447
,,2022-02-22 05:00:00+00,7766,negative,2024-12-09 16:00:01.938486+00,284448
,,2021-01-30 05:00:00+00,255,positive,2024-12-09 16:00:01.938486+00,284449
,,2023-07-10 04:00:00+00,34,positive,2024-12-09 16:00:01.938486+00,284450
,,2021-05-27 04:00:00+00,8046,negative,2024-12-09 16:00:01.938486+00,284451
,,2023-03-03 05:00:00+00,1032,negative,2024-12-09 16:00:01.938486+00,284452
,,2020-11-15 05:00:00+00,5871,negative,2024-12-09 16:00:01.938486+00,284453
,,2023-01-02 05:00:00+00,268,positive,2024-12-09 16:00:01.938486+00,284454
,,2023-05-03 04:00:00+00,567,negative,2024-12-09 16:00:01.938486+00,284455
,,2021-04-05 04:00:00+00,748,positive,2024-12-09 16:00:01.938486+00,284456
,,2023-02-04 05:00:00+00,800,negative,2024-12-09 16:00:01.938486+00,284457
,,2020-12-22 05:00:00+00,916,positive,2024-12-09 16:00:01.938486+00,284458
,,2021-05-02 04:00:00+00,3318,negative,2024-12-09 16:00:01.938486+00,284459
,,2023-09-26 04:00:00+00,115,positive,2024-12-09 16:00:01.938486+00,285556
,,2021-09-01 04:00:00+00,7834,negative,2024-12-09 16:00:01.938486+00,285557
,,2020-07-28 04:00:00+00,132,positive,2024-12-09 16:00:01.938486+00,285558
,,2021-01-08 05:00:00+00,8690,negative,2024-12-09 16:00:01.938486+00,285559
,,2021-05-17 04:00:00+00,191,positive,2024-12-09 16:00:01.938486+00,285560
,,2023-06-18 04:00:00+00,86,negative,2024-12-09 16:00:01.938486+00,285561
,,2023-02-21 05:00:00+00,198,positive,2024-12-09 16:00:01.938486+00,285562
,,2021-11-22 05:00:00+00,478,positive,2024-12-09 16:00:01.938486+00,285563
,,2020-05-11 04:00:00+00,1332,negative,2024-12-09 16:00:01.938486+00,285564
,,2022-08-15 04:00:00+00,1912,negative,2024-12-09 16:00:01.938486+00,285565
,,2023-11-22 05:00:00+00,98,positive,2024-12-09 16:00:01.938486+00,285566
,,2021-07-22 04:00:00+00,3458,negative,2024-12-09 16:00:01.938486+00,285567
,,2022-03-25 04:00:00+00,77,positive,2024-12-09 16:00:01.938486+00,285568
,,2024-03-14 04:00:00+00,206,negative,2024-12-09 16:00:01.938486+00,285569
,,2020-09-21 04:00:00+00,103,positive,2024-12-09 16:00:01.938486+00,285570
,,2022-12-09 05:00:00+00,1719,negative,2024-12-09 16:00:01.938486+00,285571
,,2023-04-25 04:00:00+00,34,positive,2024-12-09 16:00:01.938486+00,285572
,,2021-03-12 05:00:00+00,6033,negative,2024-12-09 16:00:01.938486+00,285573
,,2020-11-07 05:00:00+00,493,positive,2024-12-09 16:00:01.938486+00,285574
,,2023-07-23 04:00:00+00,22,positive,2024-12-09 16:00:01.938486+00,285575
,,2024-04-20 04:00:00+00,146,negative,2024-12-09 16:00:01.938486+00,285576
,,2021-02-02 05:00:00+00,290,positive,2024-12-09 16:00:01.938486+00,285577
,,2021-06-25 04:00:00+00,3091,negative,2024-12-09 16:00:01.938486+00,285578
,,2023-03-22 04:00:00+00,935,negative,2024-12-09 16:00:01.938486+00,285579
,,2022-07-05 04:00:00+00,2183,negative,2024-12-09 16:00:01.938486+00,285580
,,2021-10-28 04:00:00+00,221,positive,2024-12-09 16:00:01.938486+00,285581
,,2023-12-15 05:00:00+00,112,positive,2024-12-09 16:00:01.938486+00,285582
,,2022-02-24 05:00:00+00,7085,negative,2024-12-09 16:00:01.938486+00,285583
,,2022-11-13 05:00:00+00,114,positive,2024-12-09 16:00:01.938486+00,285584
,,2020-06-19 04:00:00+00,2587,negative,2024-12-09 16:00:01.938486+00,285585
,,2023-08-12 04:00:00+00,105,negative,2024-12-09 16:00:01.938486+00,285586
,,2020-09-12 04:00:00+00,60,positive,2024-12-09 16:00:01.938486+00,285587
,,2021-07-13 04:00:00+00,3566,negative,2024-12-09 16:00:01.938486+00,285588
,,2023-11-11 05:00:00+00,53,positive,2024-12-09 16:00:01.938486+00,285589
,,2020-05-20 04:00:00+00,2002,negative,2024-12-09 16:00:01.938486+00,285590
,,2024-03-25 04:00:00+00,168,negative,2024-12-09 16:00:01.938486+00,285591
,,2022-08-04 04:00:00+00,1960,negative,2024-12-09 16:00:01.938486+00,285592
,,2022-04-05 04:00:00+00,231,positive,2024-12-09 16:00:01.938486+00,285593
,,2021-12-01 05:00:00+00,568,positive,2024-12-09 16:00:01.938486+00,285594
,,2024-01-23 05:00:00+00,150,positive,2024-12-09 16:00:01.938486+00,285595
,,2021-09-21 04:00:00+00,343,positive,2024-12-09 16:00:01.938486+00,285596
,,2022-06-10 04:00:00+00,2536,negative,2024-12-09 16:00:01.938486+00,285597
,,2020-03-11 04:00:00+00,6,positive,2024-12-09 16:00:01.938486+00,285598
,,2023-09-06 04:00:00+00,153,negative,2024-12-09 16:00:01.938486+00,285599
,,2022-10-05 04:00:00+00,245,positive,2024-12-09 16:00:01.938486+00,285600
,,2022-01-28 05:00:00+00,8089,negative,2024-12-09 16:00:01.938486+00,285601
,,2020-07-16 04:00:00+00,3615,negative,2024-12-09 16:00:01.938486+00,285602
,,2020-12-26 05:00:00+00,4346,negative,2024-12-09 16:00:01.938486+00,285603
,,2023-06-15 04:00:00+00,95,negative,2024-12-09 16:00:01.938486+00,285604
,,2023-01-23 05:00:00+00,337,positive,2024-12-09 16:00:01.938486+00,285605
,,2021-04-28 04:00:00+00,469,positive,2024-12-09 16:00:01.938486+00,285606
,,2022-01-10 05:00:00+00,10907,negative,2024-12-09 16:00:01.938486+00,285607
,,2020-08-03 04:00:00+00,3105,negative,2024-12-09 16:00:01.938486+00,285608
,,2021-09-07 04:00:00+00,355,positive,2024-12-09 16:00:01.938486+00,285609
,,2022-05-15 04:00:00+00,1431,negative,2024-12-09 16:00:01.938486+00,285610
,,2024-01-29 05:00:00+00,144,positive,2024-12-09 16:00:01.938486+00,285611
,,2020-03-25 04:00:00+00,224,positive,2024-12-09 16:00:01.938486+00,285612
,,2022-09-29 04:00:00+00,198,positive,2024-12-09 16:00:01.938486+00,285613
,,2023-10-02 04:00:00+00,149,negative,2024-12-09 16:00:01.938486+00,285614
,,2023-10-01 04:00:00+00,54,positive,2024-12-09 16:00:01.938486+00,285615
,,2022-05-16 04:00:00+00,686,positive,2024-12-09 16:00:01.938486+00,285616
,,2021-09-12 04:00:00+00,2955,negative,2024-12-09 16:00:01.938486+00,285617
,,2022-01-05 05:00:00+00,5503,positive,2024-12-09 16:00:01.938486+00,285618
,,2022-09-28 04:00:00+00,1905,negative,2024-12-09 16:00:01.938486+00,285619
,,2024-01-30 05:00:00+00,214,negative,2024-12-09 16:00:01.938486+00,285620
,,2020-08-08 04:00:00+00,84,positive,2024-12-09 16:00:01.938486+00,285621
,,2020-03-20 04:00:00+00,61,negative,2024-12-09 16:00:01.938486+00,285622
,,2022-10-12 04:00:00+00,198,positive,2024-12-09 16:00:01.938486+00,285623
,,2021-09-26 04:00:00+00,170,positive,2024-12-09 16:00:01.938486+00,285624
,,2024-01-16 05:00:00+00,136,positive,2024-12-09 16:00:01.938486+00,285625
,,2020-07-21 04:00:00+00,2917,negative,2024-12-09 16:00:01.938486+00,285626
,,2022-01-23 05:00:00+00,1964,negative,2024-12-09 16:00:01.938486+00,285627
,,2022-06-03 04:00:00+00,2659,negative,2024-12-09 16:00:01.938486+00,285628
,,2023-09-13 04:00:00+00,158,negative,2024-12-09 16:00:01.938486+00,285629
,,2023-03-06 05:00:00+00,86,positive,2024-12-09 16:00:01.938486+00,285630
,,2021-06-09 04:00:00+00,44,positive,2024-12-09 16:00:01.938486+00,285631
,,2021-01-17 05:00:00+00,5139,negative,2024-12-09 16:00:01.938486+00,285632
,,2023-07-07 04:00:00+00,100,negative,2024-12-09 16:00:01.938486+00,285633
,,2021-02-26 05:00:00+00,7868,negative,2024-12-09 16:00:01.938486+00,285634
,,2023-03-30 04:00:00+00,46,positive,2024-12-09 16:00:01.938486+00,285635
,,2022-12-03 05:00:00+00,1368,negative,2024-12-09 16:00:01.938486+00,285636
,,2020-10-20 04:00:00+00,381,positive,2024-12-09 16:00:01.938486+00,285637
,,2022-11-18 05:00:00+00,1650,negative,2024-12-09 16:00:01.938486+00,285638
,,2023-08-17 04:00:00+00,73,positive,2024-12-09 16:00:01.938486+00,285639
,,2020-06-18 04:00:00+00,144,positive,2024-12-09 16:00:01.938486+00,285640
,,2022-02-25 05:00:00+00,71,positive,2024-12-09 16:00:01.938486+00,285641
,,2022-06-30 04:00:00+00,324,positive,2024-12-09 16:00:01.938486+00,285642
,,2023-12-10 05:00:00+00,140,negative,2024-12-09 16:00:01.938486+00,285643
,,2021-10-27 04:00:00+00,11474,negative,2024-12-09 16:00:01.938486+00,285644
,,2024-04-17 04:00:00+00,11,positive,2024-12-09 16:00:01.938486+00,285645
,,2023-07-20 04:00:00+00,64,negative,2024-12-09 16:00:01.938486+00,285646
,,2023-03-25 04:00:00+00,42,positive,2024-12-09 16:00:01.938486+00,285647
,,2021-02-09 05:00:00+00,7812,negative,2024-12-09 16:00:01.938486+00,285648
,,2021-06-18 04:00:00+00,30,positive,2024-12-09 16:00:01.938486+00,285649
,,2022-12-10 05:00:00+00,142,positive,2024-12-09 16:00:01.938486+00,285650
,,2021-03-07 05:00:00+00,186,positive,2024-12-09 16:00:01.938486+00,285651
,,2020-11-12 05:00:00+00,8438,negative,2024-12-09 16:00:01.938486+00,285652
,,2023-04-24 04:00:00+00,609,negative,2024-12-09 16:00:01.938486+00,285653
,,2022-12-29 05:00:00+00,1165,negative,2024-12-09 16:00:01.938486+00,285654
,,2020-11-27 05:00:00+00,925,positive,2024-12-09 16:00:01.938486+00,285655
,,2021-03-24 04:00:00+00,7374,negative,2024-12-09 16:00:01.938486+00,285656
,,2023-05-07 04:00:00+00,13,positive,2024-12-09 16:00:01.938486+00,285657
,,2020-04-02 04:00:00+00,366,positive,2024-12-09 16:00:01.938486+00,285658
,,2022-09-21 04:00:00+00,248,positive,2024-12-09 16:00:01.938486+00,285659
,,2022-05-23 04:00:00+00,3262,negative,2024-12-09 16:00:01.938486+00,285660
,,2021-08-30 04:00:00+00,378,positive,2024-12-09 16:00:01.938486+00,285661
,,2022-01-18 05:00:00+00,10402,negative,2024-12-09 16:00:01.938486+00,285662
,,2024-02-06 05:00:00+00,134,positive,2024-12-09 16:00:01.938486+00,285663
,,2020-07-26 04:00:00+00,2616,negative,2024-12-09 16:00:01.938486+00,285664
,,2023-09-24 04:00:00+00,109,negative,2024-12-09 16:00:01.938486+00,285665
,,2020-12-26 05:00:00+00,408,positive,2024-12-09 16:00:01.938486+00,285666
,,2023-01-23 05:00:00+00,1167,negative,2024-12-09 16:00:01.938486+00,285667
,,2021-04-28 04:00:00+00,8320,negative,2024-12-09 16:00:01.938486+00,285668
,,2023-06-15 04:00:00+00,22,positive,2024-12-09 16:00:01.938486+00,285669
,,2023-01-21 05:00:00+00,171,positive,2024-12-09 16:00:01.938486+00,285670
,,2020-12-04 05:00:00+00,8532,negative,2024-12-09 16:00:01.938486+00,285671
,,2023-05-16 04:00:00+00,210,negative,2024-12-09 16:00:01.938486+00,285672
,,2021-04-18 04:00:00+00,385,positive,2024-12-09 16:00:01.938486+00,285673
,,2021-12-11 05:00:00+00,360,positive,2024-12-09 16:00:01.938486+00,285674
,,2020-04-28 04:00:00+00,1318,negative,2024-12-09 16:00:01.938486+00,285675
,,2020-09-02 04:00:00+00,126,positive,2024-12-09 16:00:01.938486+00,285676
,,2023-10-24 04:00:00+00,69,positive,2024-12-09 16:00:01.938486+00,285677
,,2024-03-11 04:00:00+00,193,negative,2024-12-09 16:00:01.938486+00,285678
,,2022-08-18 04:00:00+00,1749,negative,2024-12-09 16:00:01.938486+00,285679
,,2021-08-04 04:00:00+00,4690,negative,2024-12-09 16:00:01.938486+00,285680
,,2022-04-23 04:00:00+00,105,positive,2024-12-09 16:00:01.938486+00,285681
,,2023-07-10 04:00:00+00,72,negative,2024-12-09 16:00:01.938486+00,285682
,,2023-03-03 05:00:00+00,102,positive,2024-12-09 16:00:01.938486+00,285683
,,2021-01-30 05:00:00+00,6381,negative,2024-12-09 16:00:01.938486+00,285684
,,2021-05-27 04:00:00+00,108,positive,2024-12-09 16:00:01.938486+00,285685
,,2020-10-09 04:00:00+00,217,positive,2024-12-09 16:00:01.938486+00,285686
,,2020-05-25 04:00:00+00,1443,negative,2024-12-09 16:00:01.938486+00,285687
,,2023-12-02 05:00:00+00,72,positive,2024-12-09 16:00:01.938486+00,285688
,,2021-07-08 04:00:00+00,3261,negative,2024-12-09 16:00:01.938486+00,285689
,,2022-03-15 04:00:00+00,91,positive,2024-12-09 16:00:01.938486+00,285690
,,2022-07-24 04:00:00+00,1137,negative,2024-12-09 16:00:01.938486+00,285691
,,2021-11-04 04:00:00+00,267,positive,2024-12-09 16:00:01.938486+00,285692
,,2021-03-06 05:00:00+00,5229,negative,2024-12-09 16:00:01.938486+00,284734
,,2020-11-13 05:00:00+00,1024,positive,2024-12-09 16:00:01.938486+00,284735
,,2023-04-23 04:00:00+00,15,positive,2024-12-09 16:00:01.938486+00,284736
,,2022-12-11 05:00:00+00,1113,negative,2024-12-09 16:00:01.938486+00,284737
,,2022-10-03 04:00:00+00,244,positive,2024-12-09 16:00:01.938486+00,284738
,,2020-07-14 04:00:00+00,2909,negative,2024-12-09 16:00:01.938486+00,284739
,,2020-03-13 04:00:00+00,12,positive,2024-12-09 16:00:01.938486+00,284740
,,2024-01-25 05:00:00+00,147,positive,2024-12-09 16:00:01.938486+00,284741
,,2022-06-12 04:00:00+00,1360,negative,2024-12-09 16:00:01.938486+00,284742
,,2023-09-04 04:00:00+00,149,negative,2024-12-09 16:00:01.938486+00,284743
,,2021-09-19 04:00:00+00,157,positive,2024-12-09 16:00:01.938486+00,284744
,,2022-01-30 05:00:00+00,1788,negative,2024-12-09 16:00:01.938486+00,284745
,,2021-08-02 04:00:00+00,232,positive,2024-12-09 16:00:01.938486+00,284746
,,2022-04-25 04:00:00+00,3979,negative,2024-12-09 16:00:01.938486+00,284747
,,2023-10-22 04:00:00+00,126,negative,2024-12-09 16:00:01.938486+00,284748
,,2021-12-13 05:00:00+00,11324,negative,2024-12-09 16:00:01.938486+00,284749
,,2020-08-31 04:00:00+00,2569,negative,2024-12-09 16:00:01.938486+00,284750
,,2024-03-13 04:00:00+00,39,positive,2024-12-09 16:00:01.938486+00,284751
,,2022-08-16 04:00:00+00,336,positive,2024-12-09 16:00:01.938486+00,284752
,,2020-04-30 04:00:00+00,416,positive,2024-12-09 16:00:01.938486+00,284753
,,2023-01-09 05:00:00+00,268,positive,2024-12-09 16:00:01.938486+00,284754
,,2020-12-08 05:00:00+00,7490,negative,2024-12-09 16:00:01.938486+00,284755
,,2023-05-28 04:00:00+00,66,negative,2024-12-09 16:00:01.938486+00,284756
,,2021-04-14 04:00:00+00,701,positive,2024-12-09 16:00:01.938486+00,284757
,,2022-05-05 04:00:00+00,437,positive,2024-12-09 16:00:01.938486+00,284758
,,2021-08-16 04:00:00+00,3882,negative,2024-12-09 16:00:01.938486+00,284759
,,2022-09-07 04:00:00+00,1745,negative,2024-12-09 16:00:01.938486+00,284760
,,2024-02-20 05:00:00+00,250,negative,2024-12-09 16:00:01.938486+00,284761
,,2020-08-13 04:00:00+00,142,positive,2024-12-09 16:00:01.938486+00,284762
,,2020-04-16 04:00:00+00,934,negative,2024-12-09 16:00:01.938486+00,284763
,,2021-12-31 05:00:00+00,3053,positive,2024-12-09 16:00:01.938486+00,284764
,,2023-10-12 04:00:00+00,68,positive,2024-12-09 16:00:01.938486+00,284765
,,2022-12-29 05:00:00+00,288,positive,2024-12-09 16:00:01.938486+00,284766
,,2021-03-24 04:00:00+00,610,positive,2024-12-09 16:00:01.938486+00,284767
,,2023-05-07 04:00:00+00,405,negative,2024-12-09 16:00:01.938486+00,284768
,,2020-11-27 05:00:00+00,6177,negative,2024-12-09 16:00:01.938486+00,284769
,,2022-03-27 04:00:00+00,31,positive,2024-12-09 16:00:01.938486+00,284770
,,2023-11-20 05:00:00+00,114,positive,2024-12-09 16:00:01.938486+00,284771
,,2024-03-16 04:00:00+00,156,negative,2024-12-09 16:00:01.938486+00,284772
,,2021-07-20 04:00:00+00,3161,negative,2024-12-09 16:00:01.938486+00,284773
,,2022-08-13 04:00:00+00,1182,negative,2024-12-09 16:00:01.938486+00,284774
,,2020-09-19 04:00:00+00,66,positive,2024-12-09 16:00:01.938486+00,284775
,,2020-05-13 04:00:00+00,1875,negative,2024-12-09 16:00:01.938486+00,284776
,,2021-11-24 05:00:00+00,335,positive,2024-12-09 16:00:01.938486+00,284777
,,2021-02-28 05:00:00+00,3161,negative,2024-12-09 16:00:01.938486+00,284778
,,2023-03-28 04:00:00+00,49,positive,2024-12-09 16:00:01.938486+00,284779
,,2020-10-18 04:00:00+00,174,positive,2024-12-09 16:00:01.938486+00,284780
,,2022-12-05 05:00:00+00,1889,negative,2024-12-09 16:00:01.938486+00,284781
,,2021-02-07 05:00:00+00,162,positive,2024-12-09 16:00:01.938486+00,284782
,,2023-07-18 04:00:00+00,25,positive,2024-12-09 16:00:01.938486+00,284783
,,2023-03-27 04:00:00+00,769,negative,2024-12-09 16:00:01.938486+00,284784
,,2021-06-20 04:00:00+00,1605,negative,2024-12-09 16:00:01.938486+00,284785
,,2024-04-15 04:00:00+00,148,negative,2024-12-09 16:00:01.938486+00,284786
,,2022-03-20 04:00:00+00,1340,negative,2024-12-09 16:00:01.938486+00,284787
,,2021-06-27 04:00:00+00,11,positive,2024-12-09 16:00:01.938486+00,284788
,,2024-04-10 04:00:00+00,15,positive,2024-12-09 16:00:01.938486+00,284789
,,2020-06-05 04:00:00+00,130,positive,2024-12-09 16:00:01.938486+00,284790
,,2022-07-19 04:00:00+00,477,positive,2024-12-09 16:00:01.938486+00,284791
,,2020-09-28 04:00:00+00,3895,negative,2024-12-09 16:00:01.938486+00,284792
,,2021-11-15 05:00:00+00,10780,negative,2024-12-09 16:00:01.938486+00,284793
,,2023-11-27 05:00:00+00,210,negative,2024-12-09 16:00:01.938486+00,284794
,,2020-10-31 04:00:00+00,290,positive,2024-12-09 16:00:01.938486+00,284795
,,2021-03-19 04:00:00+00,7933,negative,2024-12-09 16:00:01.938486+00,284796
,,2022-12-14 05:00:00+00,1772,negative,2024-12-09 16:00:01.938486+00,284797
,,2023-04-20 04:00:00+00,16,positive,2024-12-09 16:00:01.938486+00,284798
,,2021-09-26 04:00:00+00,2587,negative,2024-12-09 16:00:01.938486+00,284799
,,2022-06-03 04:00:00+00,316,positive,2024-12-09 16:00:01.938486+00,284800
,,2024-01-16 05:00:00+00,193,negative,2024-12-09 16:00:01.938486+00,284801
,,2022-01-23 05:00:00+00,381,positive,2024-12-09 16:00:01.938486+00,284802
,,2022-10-12 04:00:00+00,1864,negative,2024-12-09 16:00:01.938486+00,284803
,,2023-09-13 04:00:00+00,99,positive,2024-12-09 16:00:01.938486+00,284804
,,2020-07-21 04:00:00+00,178,positive,2024-12-09 16:00:01.938486+00,284805
,,2020-12-24 05:00:00+00,7650,negative,2024-12-09 16:00:01.938486+00,284806
,,2021-04-30 04:00:00+00,368,positive,2024-12-09 16:00:01.938486+00,284807
,,2023-06-13 04:00:00+00,132,negative,2024-12-09 16:00:01.938486+00,284808
,,2023-01-25 05:00:00+00,272,positive,2024-12-09 16:00:01.938486+00,284809
,,2022-09-15 04:00:00+00,1996,negative,2024-12-09 16:00:01.938486+00,284810
,,2022-04-27 04:00:00+00,324,positive,2024-12-09 16:00:01.938486+00,284811
,,2024-02-12 05:00:00+00,209,negative,2024-12-09 16:00:01.938486+00,284812
,,2021-12-23 05:00:00+00,2641,positive,2024-12-09 16:00:01.938486+00,284813
,,2020-04-08 04:00:00+00,1059,negative,2024-12-09 16:00:01.938486+00,284814
,,2023-10-20 04:00:00+00,70,positive,2024-12-09 16:00:01.938486+00,284815
,,2021-08-24 04:00:00+00,7532,negative,2024-12-09 16:00:01.938486+00,284816
,,2020-08-21 04:00:00+00,85,positive,2024-12-09 16:00:01.938486+00,284817
,,2021-04-14 04:00:00+00,10404,negative,2024-12-09 16:00:01.938486+00,284818
,,2023-01-09 05:00:00+00,1269,negative,2024-12-09 16:00:01.938486+00,284819
,,2020-12-08 05:00:00+00,1162,positive,2024-12-09 16:00:01.938486+00,284820
,,2023-05-28 04:00:00+00,11,positive,2024-12-09 16:00:01.938486+00,284821
,,2021-05-23 04:00:00+00,2309,negative,2024-12-09 16:00:01.938486+00,284822
,,2021-01-02 05:00:00+00,453,positive,2024-12-09 16:00:01.938486+00,284823
,,2023-02-19 05:00:00+00,728,negative,2024-12-09 16:00:01.938486+00,284824
,,2023-06-20 04:00:00+00,18,positive,2024-12-09 16:00:01.938486+00,284825
,,2022-02-17 05:00:00+00,7440,negative,2024-12-09 16:00:01.938486+00,284826
,,2022-06-22 04:00:00+00,2211,negative,2024-12-09 16:00:01.938486+00,284827
,,2021-10-03 04:00:00+00,162,positive,2024-12-09 16:00:01.938486+00,284828
,,2024-01-03 05:00:00+00,192,positive,2024-12-09 16:00:01.938486+00,284829
,,2023-08-25 04:00:00+00,174,negative,2024-12-09 16:00:01.938486+00,284830
,,2020-06-26 04:00:00+00,1924,negative,2024-12-09 16:00:01.938486+00,284831
,,2022-10-25 04:00:00+00,213,positive,2024-12-09 16:00:01.938486+00,284832
,,2022-03-13 05:00:00+00,26,positive,2024-12-09 16:00:01.938486+00,284833
,,2021-07-10 04:00:00+00,1934,negative,2024-12-09 16:00:01.938486+00,284834
,,2023-12-04 05:00:00+00,121,positive,2024-12-09 16:00:01.938486+00,284835
,,2021-11-02 04:00:00+00,215,positive,2024-12-09 16:00:01.938486+00,284836
,,2020-05-23 04:00:00+00,1510,negative,2024-12-09 16:00:01.938486+00,284837
,,2022-07-26 04:00:00+00,2055,negative,2024-12-09 16:00:01.938486+00,284838
,,2020-10-11 04:00:00+00,99,positive,2024-12-09 16:00:01.938486+00,284839
,,2024-04-03 04:00:00+00,192,negative,2024-12-09 16:00:01.938486+00,284840
,,2021-10-22 04:00:00+00,208,positive,2024-12-09 16:00:01.938486+00,284841
,,2022-07-11 04:00:00+00,2104,negative,2024-12-09 16:00:01.938486+00,284842
,,2020-06-13 04:00:00+00,2084,negative,2024-12-09 16:00:01.938486+00,284843
,,2022-03-02 05:00:00+00,6662,negative,2024-12-09 16:00:01.938486+00,284844
,,2023-12-21 05:00:00+00,161,positive,2024-12-09 16:00:01.938486+00,284845
,,2023-08-06 04:00:00+00,92,negative,2024-12-09 16:00:01.938486+00,284846
,,2022-11-07 05:00:00+00,254,positive,2024-12-09 16:00:01.938486+00,284847
,,2023-02-25 05:00:00+00,74,positive,2024-12-09 16:00:01.938486+00,284848
,,2021-01-28 05:00:00+00,10727,negative,2024-12-09 16:00:01.938486+00,284849
,,2023-07-16 04:00:00+00,79,negative,2024-12-09 16:00:01.938486+00,284850
,,2021-05-29 04:00:00+00,52,positive,2024-12-09 16:00:01.938486+00,284851
,,2022-11-01 04:00:00+00,262,positive,2024-12-09 16:00:01.938486+00,284852
,,2022-06-15 04:00:00+00,2388,negative,2024-12-09 16:00:01.938486+00,284853
,,2021-10-08 04:00:00+00,300,positive,2024-12-09 16:00:01.938486+00,284854
,,2023-12-27 05:00:00+00,249,positive,2024-12-09 16:00:01.938486+00,284855
,,2020-07-01 04:00:00+00,2542,negative,2024-12-09 16:00:01.938486+00,284856
,,2023-09-01 04:00:00+00,309,negative,2024-12-09 16:00:01.938486+00,284857
,,2022-02-12 05:00:00+00,2034,negative,2024-12-09 16:00:01.938486+00,284858
,,2022-10-07 04:00:00+00,1586,negative,2024-12-09 16:00:01.938486+00,284859
,,2021-09-15 04:00:00+00,10124,negative,2024-12-09 16:00:01.938486+00,284860
,,2023-09-08 04:00:00+00,86,positive,2024-12-09 16:00:01.938486+00,284861
,,2024-01-21 05:00:00+00,162,negative,2024-12-09 16:00:01.938486+00,284862
,,2020-03-17 04:00:00+00,15,negative,2024-12-09 16:00:01.938486+00,284863
,,2022-06-08 04:00:00+00,389,positive,2024-12-09 16:00:01.938486+00,284864
,,2020-07-10 04:00:00+00,125,positive,2024-12-09 16:00:01.938486+00,284865
,,2022-02-03 05:00:00+00,334,positive,2024-12-09 16:00:01.938486+00,284866
,,2022-09-23 04:00:00+00,197,positive,2024-12-09 16:00:01.938486+00,284867
,,2024-02-04 05:00:00+00,82,positive,2024-12-09 16:00:01.938486+00,284868
,,2021-09-01 04:00:00+00,345,positive,2024-12-09 16:00:01.938486+00,284869
,,2020-03-31 04:00:00+00,478,positive,2024-12-09 16:00:01.938486+00,284870
,,2022-05-21 04:00:00+00,1569,negative,2024-12-09 16:00:01.938486+00,284871
,,2022-01-16 05:00:00+00,2403,negative,2024-12-09 16:00:01.938486+00,284872
,,2020-07-28 04:00:00+00,3353,negative,2024-12-09 16:00:01.938486+00,284873
,,2023-09-26 04:00:00+00,154,negative,2024-12-09 16:00:01.938486+00,284874
,,2020-12-17 05:00:00+00,6833,negative,2024-12-09 16:00:01.938486+00,284875
,,2023-02-03 05:00:00+00,223,positive,2024-12-09 16:00:01.938486+00,284876
,,2021-05-07 04:00:00+00,255,positive,2024-12-09 16:00:01.938486+00,284877
,,2023-06-04 04:00:00+00,98,negative,2024-12-09 16:00:01.938486+00,284878
,,2020-11-20 05:00:00+00,1068,positive,2024-12-09 16:00:01.938486+00,284879
,,2021-03-31 04:00:00+00,7812,negative,2024-12-09 16:00:01.938486+00,284880
,,2023-05-02 04:00:00+00,23,positive,2024-12-09 16:00:01.938486+00,284881
,,2023-01-03 05:00:00+00,1406,negative,2024-12-09 16:00:01.938486+00,284882
,,2021-09-24 04:00:00+00,12392,negative,2024-12-09 16:00:01.938486+00,284883
,,2020-07-19 04:00:00+00,69,positive,2024-12-09 16:00:01.938486+00,284884
,,2022-05-28 04:00:00+00,254,positive,2024-12-09 16:00:01.938486+00,284885
,,2022-01-25 05:00:00+00,914,positive,2024-12-09 16:00:01.938486+00,284886
,,2024-01-10 05:00:00+00,249,negative,2024-12-09 16:00:01.938486+00,284887
,,2023-09-19 04:00:00+00,122,positive,2024-12-09 16:00:01.938486+00,284888
,,2022-10-18 04:00:00+00,1929,negative,2024-12-09 16:00:01.938486+00,284889
,,2023-02-26 05:00:00+00,74,positive,2024-12-09 16:00:01.938486+00,284890
,,2023-07-15 04:00:00+00,82,negative,2024-12-09 16:00:01.938486+00,284891
,,2021-06-01 04:00:00+00,94,positive,2024-12-09 16:00:01.938486+00,284892
,,2021-01-25 05:00:00+00,8959,negative,2024-12-09 16:00:01.938486+00,284893
,,2020-10-14 04:00:00+00,5546,negative,2024-12-09 16:00:01.938486+00,284894
,,2022-12-01 05:00:00+00,237,positive,2024-12-09 16:00:01.938486+00,284895
,,2021-03-04 05:00:00+00,337,positive,2024-12-09 16:00:01.938486+00,284896
,,2023-04-01 04:00:00+00,473,negative,2024-12-09 16:00:01.938486+00,284897
,,2022-11-26 05:00:00+00,1186,negative,2024-12-09 16:00:01.938486+00,284898
,,2020-10-25 04:00:00+00,216,positive,2024-12-09 16:00:01.938486+00,284899
,,2023-04-06 04:00:00+00,24,positive,2024-12-09 16:00:01.938486+00,284900
,,2021-02-21 05:00:00+00,3031,negative,2024-12-09 16:00:01.938486+00,284901
,,2021-09-30 04:00:00+00,332,positive,2024-12-09 16:00:01.938486+00,284902
,,2022-06-23 04:00:00+00,2153,negative,2024-12-09 16:00:01.938486+00,284903
,,2020-06-23 04:00:00+00,2600,negative,2024-12-09 16:00:01.938486+00,284904
,,2023-08-24 04:00:00+00,153,negative,2024-12-09 16:00:01.938486+00,284905
,,2022-02-20 05:00:00+00,1242,negative,2024-12-09 16:00:01.938486+00,284906
,,2024-01-04 05:00:00+00,184,positive,2024-12-09 16:00:01.938486+00,284907
,,2022-10-24 04:00:00+00,213,positive,2024-12-09 16:00:01.938486+00,284908
,,2023-06-16 04:00:00+00,18,positive,2024-12-09 16:00:01.938486+00,284909
,,2023-02-23 05:00:00+00,991,negative,2024-12-09 16:00:01.938486+00,284910
,,2021-05-19 04:00:00+00,6933,negative,2024-12-09 16:00:01.938486+00,284911
,,2021-01-06 05:00:00+00,742,positive,2024-12-09 16:00:01.938486+00,284912
,,2022-12-23 05:00:00+00,193,positive,2024-12-09 16:00:01.938486+00,284913
,,2023-05-13 04:00:00+00,259,negative,2024-12-09 16:00:01.938486+00,284914
,,2021-03-26 04:00:00+00,574,positive,2024-12-09 16:00:01.938486+00,284915
,,2020-11-25 05:00:00+00,9092,negative,2024-12-09 16:00:01.938486+00,284916
,,2021-08-21 04:00:00+00,3138,negative,2024-12-09 16:00:01.938486+00,284917
,,2022-04-28 04:00:00+00,276,positive,2024-12-09 16:00:01.938486+00,284918
,,2020-08-18 04:00:00+00,129,positive,2024-12-09 16:00:01.938486+00,284919
,,2024-02-13 05:00:00+00,281,negative,2024-12-09 16:00:01.938486+00,284920
,,2022-09-14 04:00:00+00,1772,negative,2024-12-09 16:00:01.938486+00,284921
,,2021-12-26 05:00:00+00,1699,positive,2024-12-09 16:00:01.938486+00,284922
,,2020-04-11 04:00:00+00,635,negative,2024-12-09 16:00:01.938486+00,284923
,,2023-10-19 04:00:00+00,82,positive,2024-12-09 16:00:01.938486+00,284924
,,2023-01-29 05:00:00+00,144,positive,2024-12-09 16:00:01.938486+00,284925
,,2021-04-26 04:00:00+00,552,positive,2024-12-09 16:00:01.938486+00,284926
,,2020-12-28 05:00:00+00,4777,negative,2024-12-09 16:00:01.938486+00,284927
,,2023-06-09 04:00:00+00,115,negative,2024-12-09 16:00:01.938486+00,284928
,,2022-08-24 04:00:00+00,1801,negative,2024-12-09 16:00:01.938486+00,284929
,,2023-10-30 04:00:00+00,105,positive,2024-12-09 16:00:01.938486+00,284930
,,2020-04-22 04:00:00+00,1133,negative,2024-12-09 16:00:01.938486+00,284931
,,2021-08-10 04:00:00+00,4294,negative,2024-12-09 16:00:01.938486+00,284932
,,2022-04-17 04:00:00+00,73,positive,2024-12-09 16:00:01.938486+00,284933
,,2021-12-05 05:00:00+00,309,positive,2024-12-09 16:00:01.938486+00,284934
,,2020-09-08 04:00:00+00,94,positive,2024-12-09 16:00:01.938486+00,284935
,,2024-03-05 05:00:00+00,226,negative,2024-12-09 16:00:01.938486+00,284936
,,2021-03-20 04:00:00+00,4234,negative,2024-12-09 16:00:01.938486+00,284937
,,2020-10-30 04:00:00+00,536,positive,2024-12-09 16:00:01.938486+00,284938
,,2022-12-17 05:00:00+00,1144,negative,2024-12-09 16:00:01.938486+00,284939
,,2023-04-17 04:00:00+00,33,positive,2024-12-09 16:00:01.938486+00,284940
,,2020-06-01 04:00:00+00,107,positive,2024-12-09 16:00:01.938486+00,284941
,,2023-11-23 05:00:00+00,112,negative,2024-12-09 16:00:01.938486+00,284942
,,2022-03-24 04:00:00+00,3754,negative,2024-12-09 16:00:01.938486+00,284943
,,2021-11-11 05:00:00+00,7287,negative,2024-12-09 16:00:01.938486+00,284944
,,2024-04-14 04:00:00+00,8,positive,2024-12-09 16:00:01.938486+00,284945
,,2020-10-02 04:00:00+00,4725,negative,2024-12-09 16:00:01.938486+00,284946
,,2022-07-15 04:00:00+00,359,positive,2024-12-09 16:00:01.938486+00,284947
,,2021-07-01 04:00:00+00,29,positive,2024-12-09 16:00:01.938486+00,284948
,,2021-07-06 04:00:00+00,39,positive,2024-12-09 16:00:01.938486+00,284949
,,2024-03-30 04:00:00+00,14,positive,2024-12-09 16:00:01.938486+00,284950
,,2022-03-09 05:00:00+00,4941,negative,2024-12-09 16:00:01.938486+00,284951
,,2021-11-06 04:00:00+00,3096,negative,2024-12-09 16:00:01.938486+00,284952
,,2020-10-07 04:00:00+00,5297,negative,2024-12-09 16:00:01.938486+00,284953
,,2020-05-27 04:00:00+00,220,positive,2024-12-09 16:00:01.938486+00,284954
,,2023-12-08 05:00:00+00,197,negative,2024-12-09 16:00:01.938486+00,284955
,,2022-07-30 04:00:00+00,249,positive,2024-12-09 16:00:01.938486+00,284956
,,2021-03-04 05:00:00+00,9490,negative,2024-12-09 16:00:01.938486+00,284957
,,2020-10-14 04:00:00+00,310,positive,2024-12-09 16:00:01.938486+00,284958
,,2023-04-01 04:00:00+00,23,positive,2024-12-09 16:00:01.938486+00,284959
,,2022-12-01 05:00:00+00,1686,negative,2024-12-09 16:00:01.938486+00,284960
,,2020-09-23 04:00:00+00,119,positive,2024-12-09 16:00:01.938486+00,284961
,,2021-07-24 04:00:00+00,2005,negative,2024-12-09 16:00:01.938486+00,284962
,,2020-05-09 04:00:00+00,1135,negative,2024-12-09 16:00:01.938486+00,284963
,,2024-03-20 04:00:00+00,209,negative,2024-12-09 16:00:01.938486+00,284964
,,2023-11-16 05:00:00+00,103,positive,2024-12-09 16:00:01.938486+00,284965
,,2022-08-09 04:00:00+00,2028,negative,2024-12-09 16:00:01.938486+00,284966
,,2022-03-31 04:00:00+00,146,positive,2024-12-09 16:00:01.938486+00,284967
,,2021-11-20 05:00:00+00,232,positive,2024-12-09 16:00:01.938486+00,284968
,,2021-05-12 04:00:00+00,214,positive,2024-12-09 16:00:01.938486+00,284969
,,2023-06-25 04:00:00+00,69,negative,2024-12-09 16:00:01.938486+00,284970
,,2023-02-14 05:00:00+00,208,positive,2024-12-09 16:00:01.938486+00,284971
,,2021-01-13 05:00:00+00,8733,negative,2024-12-09 16:00:01.938486+00,284972
,,2022-09-03 04:00:00+00,950,negative,2024-12-09 16:00:01.938486+00,284973
,,2022-05-09 04:00:00+00,574,positive,2024-12-09 16:00:01.938486+00,284974
,,2020-04-12 04:00:00+00,725,negative,2024-12-09 16:00:01.938486+00,284975
,,2024-02-24 05:00:00+00,143,negative,2024-12-09 16:00:01.938486+00,284976
,,2021-08-20 04:00:00+00,4455,negative,2024-12-09 16:00:01.938486+00,284977
,,2021-12-27 05:00:00+00,4058,positive,2024-12-09 16:00:01.938486+00,284978
,,2020-08-17 04:00:00+00,116,positive,2024-12-09 16:00:01.938486+00,284979
,,2023-10-08 04:00:00+00,39,positive,2024-12-09 16:00:01.938486+00,284980
,,2020-12-11 05:00:00+00,8947,negative,2024-12-09 16:00:01.938486+00,284981
,,2023-01-08 05:00:00+00,176,positive,2024-12-09 16:00:01.938486+00,284982
,,2023-05-29 04:00:00+00,87,negative,2024-12-09 16:00:01.938486+00,284983
,,2021-04-11 04:00:00+00,420,positive,2024-12-09 16:00:01.938486+00,284984
,,2020-12-21 05:00:00+00,939,positive,2024-12-09 16:00:01.938486+00,284985
,,2023-02-07 05:00:00+00,1271,negative,2024-12-09 16:00:01.938486+00,284986
,,2023-05-31 04:00:00+00,28,positive,2024-12-09 16:00:01.938486+00,284987
,,2021-05-03 04:00:00+00,10127,negative,2024-12-09 16:00:01.938486+00,284988
,,2022-02-03 05:00:00+00,9438,negative,2024-12-09 16:00:01.938486+00,284989
,,2021-09-15 04:00:00+00,386,positive,2024-12-09 16:00:01.938486+00,284990
,,2020-07-10 04:00:00+00,2442,negative,2024-12-09 16:00:01.938486+00,284991
,,2020-03-17 04:00:00+00,69,positive,2024-12-09 16:00:01.938486+00,284992
,,2023-09-08 04:00:00+00,243,negative,2024-12-09 16:00:01.938486+00,284993
,,2022-06-08 04:00:00+00,2600,negative,2024-12-09 16:00:01.938486+00,284994
,,2024-01-21 05:00:00+00,84,positive,2024-12-09 16:00:01.938486+00,284995
,,2022-10-07 04:00:00+00,193,positive,2024-12-09 16:00:01.938486+00,284996
,,2020-11-10 05:00:00+00,1093,positive,2024-12-09 16:00:01.938486+00,284997
,,2021-03-09 05:00:00+00,5857,negative,2024-12-09 16:00:01.938486+00,284998
,,2023-04-22 04:00:00+00,12,positive,2024-12-09 16:00:01.938486+00,284999
,,2022-12-12 05:00:00+00,1874,negative,2024-12-09 16:00:01.938486+00,285000
,,2020-10-27 04:00:00+00,5520,negative,2024-12-09 16:00:01.938486+00,285001
,,2023-04-08 04:00:00+00,408,negative,2024-12-09 16:00:01.938486+00,285002
,,2022-11-24 05:00:00+00,87,positive,2024-12-09 16:00:01.938486+00,285003
,,2021-02-19 05:00:00+00,253,positive,2024-12-09 16:00:01.938486+00,285004
,,2023-03-14 04:00:00+00,68,positive,2024-12-09 16:00:01.938486+00,285005
,,2023-07-31 04:00:00+00,80,negative,2024-12-09 16:00:01.938486+00,285006
,,2024-04-28 04:00:00+00,12,positive,2024-12-09 16:00:01.938486+00,285007
,,2021-06-17 04:00:00+00,35,positive,2024-12-09 16:00:01.938486+00,285008
,,2021-02-10 05:00:00+00,8483,negative,2024-12-09 16:00:01.938486+00,285009
,,2022-02-09 05:00:00+00,244,positive,2024-12-09 16:00:01.938486+00,285010
,,2022-11-02 04:00:00+00,2041,negative,2024-12-09 16:00:01.938486+00,285011
,,2023-12-26 05:00:00+00,264,negative,2024-12-09 16:00:01.938486+00,285012
,,2021-10-11 04:00:00+00,5475,negative,2024-12-09 16:00:01.938486+00,285013
,,2023-09-02 04:00:00+00,39,positive,2024-12-09 16:00:01.938486+00,285014
,,2022-06-14 04:00:00+00,347,positive,2024-12-09 16:00:01.938486+00,285015
,,2020-07-04 04:00:00+00,47,positive,2024-12-09 16:00:01.938486+00,285016
,,2020-11-05 05:00:00+00,832,positive,2024-12-09 16:00:01.938486+00,285017
,,2022-12-19 05:00:00+00,1636,negative,2024-12-09 16:00:01.938486+00,285018
,,2023-04-15 04:00:00+00,13,positive,2024-12-09 16:00:01.938486+00,285019
,,2021-03-14 05:00:00+00,2400,negative,2024-12-09 16:00:01.938486+00,285020
,,2023-06-20 04:00:00+00,113,negative,2024-12-09 16:00:01.938486+00,285021
,,2023-02-19 05:00:00+00,108,positive,2024-12-09 16:00:01.938486+00,285022
,,2021-01-02 05:00:00+00,4452,negative,2024-12-09 16:00:01.938486+00,285023
,,2021-05-23 04:00:00+00,83,positive,2024-12-09 16:00:01.938486+00,285024
,,2022-05-18 04:00:00+00,3312,negative,2024-12-09 16:00:01.938486+00,285025
,,2020-03-22 04:00:00+00,83,positive,2024-12-09 16:00:01.938486+00,285026
,,2022-01-07 05:00:00+00,5532,negative,2024-12-09 16:00:01.938486+00,285027
,,2022-09-26 04:00:00+00,251,positive,2024-12-09 16:00:01.938486+00,285028
,,2023-09-29 04:00:00+00,200,negative,2024-12-09 16:00:01.938486+00,285029
,,2021-09-10 04:00:00+00,423,positive,2024-12-09 16:00:01.938486+00,285030
,,2020-08-06 04:00:00+00,3634,negative,2024-12-09 16:00:01.938486+00,285031
,,2024-02-01 05:00:00+00,121,positive,2024-12-09 16:00:01.938486+00,285032
,,2022-05-23 04:00:00+00,589,positive,2024-12-09 16:00:01.938486+00,285033
,,2020-07-26 04:00:00+00,81,positive,2024-12-09 16:00:01.938486+00,285034
,,2024-02-06 05:00:00+00,235,negative,2024-12-09 16:00:01.938486+00,285035
,,2021-08-30 04:00:00+00,9167,negative,2024-12-09 16:00:01.938486+00,285036
,,2023-09-24 04:00:00+00,55,positive,2024-12-09 16:00:01.938486+00,285037
,,2020-04-02 04:00:00+00,815,negative,2024-12-09 16:00:01.938486+00,285038
,,2022-01-18 05:00:00+00,1628,positive,2024-12-09 16:00:01.938486+00,285039
,,2022-09-21 04:00:00+00,1920,negative,2024-12-09 16:00:01.938486+00,285040
,,2021-09-23 04:00:00+00,341,positive,2024-12-09 16:00:01.938486+00,285041
,,2024-01-13 05:00:00+00,99,positive,2024-12-09 16:00:01.938486+00,285042
,,2023-09-16 04:00:00+00,133,negative,2024-12-09 16:00:01.938486+00,285043
,,2022-05-31 04:00:00+00,2984,negative,2024-12-09 16:00:01.938486+00,285044
,,2020-07-18 04:00:00+00,2621,negative,2024-12-09 16:00:01.938486+00,285045
,,2022-10-15 04:00:00+00,118,positive,2024-12-09 16:00:01.938486+00,285046
,,2022-01-26 05:00:00+00,9453,negative,2024-12-09 16:00:01.938486+00,285047
,,2023-07-01 04:00:00+00,94,negative,2024-12-09 16:00:01.938486+00,285048
,,2021-01-11 05:00:00+00,7290,negative,2024-12-09 16:00:01.938486+00,285049
,,2021-05-14 04:00:00+00,176,positive,2024-12-09 16:00:01.938486+00,285050
,,2023-02-08 05:00:00+00,258,positive,2024-12-09 16:00:01.938486+00,285051
,,2023-08-22 04:00:00+00,124,negative,2024-12-09 16:00:01.938486+00,285052
,,2022-10-22 04:00:00+00,116,positive,2024-12-09 16:00:01.938486+00,285053
,,2021-10-06 04:00:00+00,357,positive,2024-12-09 16:00:01.938486+00,285054
,,2024-01-06 05:00:00+00,105,positive,2024-12-09 16:00:01.938486+00,285055
,,2020-06-29 04:00:00+00,2583,negative,2024-12-09 16:00:01.938486+00,285056
,,2022-06-25 04:00:00+00,1378,negative,2024-12-09 16:00:01.938486+00,285057
,,2022-02-14 05:00:00+00,8184,negative,2024-12-09 16:00:01.938486+00,285058
,,2020-09-28 04:00:00+00,144,positive,2024-12-09 16:00:01.938486+00,285059
,,2022-03-20 04:00:00+00,29,positive,2024-12-09 16:00:01.938486+00,285060
,,2023-11-27 05:00:00+00,131,positive,2024-12-09 16:00:01.938486+00,285061
,,2021-06-27 04:00:00+00,1506,negative,2024-12-09 16:00:01.938486+00,285062
,,2020-06-05 04:00:00+00,1978,negative,2024-12-09 16:00:01.938486+00,285063
,,2021-11-15 05:00:00+00,352,positive,2024-12-09 16:00:01.938486+00,285064
,,2024-04-10 04:00:00+00,152,negative,2024-12-09 16:00:01.938486+00,285065
,,2022-07-19 04:00:00+00,2023,negative,2024-12-09 16:00:01.938486+00,285066
,,2021-10-19 04:00:00+00,271,positive,2024-12-09 16:00:01.938486+00,285067
,,2022-07-08 04:00:00+00,2007,negative,2024-12-09 16:00:01.938486+00,285068
,,2022-11-10 05:00:00+00,175,positive,2024-12-09 16:00:01.938486+00,285069
,,2023-12-18 05:00:00+00,183,positive,2024-12-09 16:00:01.938486+00,285070
,,2023-08-09 04:00:00+00,99,negative,2024-12-09 16:00:01.938486+00,285071
,,2020-06-10 04:00:00+00,2488,negative,2024-12-09 16:00:01.938486+00,285072
,,2022-03-05 05:00:00+00,1686,negative,2024-12-09 16:00:01.938486+00,285073
,,2021-06-09 04:00:00+00,3966,negative,2024-12-09 16:00:01.938486+00,285074
,,2021-01-17 05:00:00+00,255,positive,2024-12-09 16:00:01.938486+00,285075
,,2023-03-06 05:00:00+00,1134,negative,2024-12-09 16:00:01.938486+00,285076
,,2023-07-07 04:00:00+00,30,positive,2024-12-09 16:00:01.938486+00,285077
,,2023-05-12 04:00:00+00,13,positive,2024-12-09 16:00:01.938486+00,285078
,,2022-12-24 05:00:00+00,732,negative,2024-12-09 16:00:01.938486+00,285079
,,2020-11-22 05:00:00+00,528,positive,2024-12-09 16:00:01.938486+00,285080
,,2021-03-29 04:00:00+00,7491,negative,2024-12-09 16:00:01.938486+00,285081
,,2020-04-24 04:00:00+00,1247,negative,2024-12-09 16:00:01.938486+00,285082
,,2023-11-05 04:00:00+00,61,positive,2024-12-09 16:00:01.938486+00,285083
,,2020-09-06 04:00:00+00,51,positive,2024-12-09 16:00:01.938486+00,285084
,,2021-12-07 05:00:00+00,646,positive,2024-12-09 16:00:01.938486+00,285085
,,2024-02-28 05:00:00+00,217,negative,2024-12-09 16:00:01.938486+00,285086
,,2022-08-30 04:00:00+00,1854,negative,2024-12-09 16:00:01.938486+00,285087
,,2021-08-08 04:00:00+00,1999,negative,2024-12-09 16:00:01.938486+00,285088
,,2022-04-11 04:00:00+00,421,positive,2024-12-09 16:00:01.938486+00,285089
,,2020-12-23 05:00:00+00,7875,negative,2024-12-09 16:00:01.938486+00,285090
,,2021-05-01 04:00:00+00,273,positive,2024-12-09 16:00:01.938486+00,285091
,,2023-02-05 05:00:00+00,164,positive,2024-12-09 16:00:01.938486+00,285092
,,2023-06-02 04:00:00+00,107,negative,2024-12-09 16:00:01.938486+00,285093
,,2022-05-18 04:00:00+00,607,positive,2024-12-09 16:00:01.938486+00,285094
,,2022-09-26 04:00:00+00,1736,negative,2024-12-09 16:00:01.938486+00,285095
,,2024-02-01 05:00:00+00,256,negative,2024-12-09 16:00:01.938486+00,285096
,,2022-01-07 05:00:00+00,3080,positive,2024-12-09 16:00:01.938486+00,285097
,,2023-09-29 04:00:00+00,89,positive,2024-12-09 16:00:01.938486+00,285098
,,2020-08-06 04:00:00+00,140,positive,2024-12-09 16:00:01.938486+00,285099
,,2021-09-10 04:00:00+00,8748,negative,2024-12-09 16:00:01.938486+00,285100
,,2020-03-22 04:00:00+00,199,negative,2024-12-09 16:00:01.938486+00,285101
,,2023-05-05 04:00:00+00,28,positive,2024-12-09 16:00:01.938486+00,285102
,,2020-11-17 05:00:00+00,1100,positive,2024-12-09 16:00:01.938486+00,285103
,,2022-12-31 05:00:00+00,693,negative,2024-12-09 16:00:01.938486+00,285104
,,2021-04-03 04:00:00+00,4582,negative,2024-12-09 16:00:01.938486+00,285105
,,2020-05-20 04:00:00+00,299,positive,2024-12-09 16:00:01.938486+00,285106
,,2021-12-01 05:00:00+00,12417,negative,2024-12-09 16:00:01.938486+00,285107
,,2022-08-04 04:00:00+00,394,positive,2024-12-09 16:00:01.938486+00,285108
,,2022-04-05 04:00:00+00,4246,negative,2024-12-09 16:00:01.938486+00,285109
,,2021-07-13 04:00:00+00,70,positive,2024-12-09 16:00:01.938486+00,285110
,,2020-09-12 04:00:00+00,3613,negative,2024-12-09 16:00:01.938486+00,285111
,,2024-03-25 04:00:00+00,30,positive,2024-12-09 16:00:01.938486+00,285112
,,2023-11-11 05:00:00+00,131,negative,2024-12-09 16:00:01.938486+00,285113
,,2023-03-12 05:00:00+00,608,negative,2024-12-09 16:00:01.938486+00,285114
,,2021-06-15 04:00:00+00,4053,negative,2024-12-09 16:00:01.938486+00,285115
,,2024-04-30 04:00:00+00,129,negative,2024-12-09 16:00:01.938486+00,285116
,,2023-08-02 04:00:00+00,45,positive,2024-12-09 16:00:01.938486+00,285117
,,2021-02-12 05:00:00+00,296,positive,2024-12-09 16:00:01.938486+00,285118
,,2021-02-23 05:00:00+00,8225,negative,2024-12-09 16:00:01.938486+00,285119
,,2020-10-23 04:00:00+00,432,positive,2024-12-09 16:00:01.938486+00,285120
,,2023-04-12 04:00:00+00,33,positive,2024-12-09 16:00:01.938486+00,285121
,,2022-11-20 05:00:00+00,1031,negative,2024-12-09 16:00:01.938486+00,285122
,,2020-10-05 04:00:00+00,199,positive,2024-12-09 16:00:01.938486+00,285123
,,2024-04-01 04:00:00+00,182,negative,2024-12-09 16:00:01.938486+00,285124
,,2023-12-06 05:00:00+00,134,positive,2024-12-09 16:00:01.938486+00,285125
,,2021-07-04 04:00:00+00,995,negative,2024-12-09 16:00:01.938486+00,285126
,,2021-11-08 05:00:00+00,289,positive,2024-12-09 16:00:01.938486+00,285127
,,2022-07-28 04:00:00+00,2126,negative,2024-12-09 16:00:01.938486+00,285128
,,2022-03-11 05:00:00+00,55,positive,2024-12-09 16:00:01.938486+00,285129
,,2020-05-29 04:00:00+00,2085,negative,2024-12-09 16:00:01.938486+00,285130
,,2023-04-22 04:00:00+00,322,negative,2024-12-09 16:00:01.938486+00,285131
,,2020-11-10 05:00:00+00,6730,negative,2024-12-09 16:00:01.938486+00,285132
,,2021-03-09 05:00:00+00,332,positive,2024-12-09 16:00:01.938486+00,285133
,,2022-12-12 05:00:00+00,280,positive,2024-12-09 16:00:01.938486+00,285134
,,2021-07-31 04:00:00+00,1904,negative,2024-12-09 16:00:01.938486+00,285135
,,2020-08-29 04:00:00+00,80,positive,2024-12-09 16:00:01.938486+00,285136
,,2022-08-22 04:00:00+00,1748,negative,2024-12-09 16:00:01.938486+00,285137
,,2024-03-07 05:00:00+00,234,negative,2024-12-09 16:00:01.938486+00,285138
,,2022-04-19 04:00:00+00,269,positive,2024-12-09 16:00:01.938486+00,285139
,,2020-05-02 04:00:00+00,975,negative,2024-12-09 16:00:01.938486+00,285140
,,2023-10-28 04:00:00+00,37,positive,2024-12-09 16:00:01.938486+00,285141
,,2021-12-15 05:00:00+00,836,positive,2024-12-09 16:00:01.938486+00,285142
,,2023-01-20 05:00:00+00,216,positive,2024-12-09 16:00:01.938486+00,285143
,,2023-05-17 04:00:00+00,159,negative,2024-12-09 16:00:01.938486+00,285144
,,2020-12-07 05:00:00+00,6810,negative,2024-12-09 16:00:01.938486+00,285145
,,2021-04-15 04:00:00+00,714,positive,2024-12-09 16:00:01.938486+00,285146
,,2022-05-11 04:00:00+00,3497,negative,2024-12-09 16:00:01.938486+00,285147
,,2024-02-26 05:00:00+00,77,positive,2024-12-09 16:00:01.938486+00,285148
,,2021-08-18 04:00:00+00,338,positive,2024-12-09 16:00:01.938486+00,285149
,,2023-10-06 04:00:00+00,139,negative,2024-12-09 16:00:01.938486+00,285150
,,2020-08-15 04:00:00+00,2983,negative,2024-12-09 16:00:01.938486+00,285151
,,2020-04-14 04:00:00+00,608,positive,2024-12-09 16:00:01.938486+00,285152
,,2021-12-29 05:00:00+00,6051,negative,2024-12-09 16:00:01.938486+00,285153
,,2022-09-01 04:00:00+00,225,positive,2024-12-09 16:00:01.938486+00,285154
,,2021-09-03 04:00:00+00,343,positive,2024-12-09 16:00:01.938486+00,285155
,,2020-07-30 04:00:00+00,3596,negative,2024-12-09 16:00:01.938486+00,285156
,,2022-01-14 05:00:00+00,9541,negative,2024-12-09 16:00:01.938486+00,285157
,,2022-05-27 04:00:00+00,2410,negative,2024-12-09 16:00:01.938486+00,285158
,,2022-09-17 04:00:00+00,154,positive,2024-12-09 16:00:01.938486+00,285159
,,2020-03-29 04:00:00+00,215,positive,2024-12-09 16:00:01.938486+00,285160
,,2023-09-20 04:00:00+00,154,negative,2024-12-09 16:00:01.938486+00,285161
,,2024-02-10 05:00:00+00,87,positive,2024-12-09 16:00:01.938486+00,285162
,,2023-05-10 04:00:00+00,18,positive,2024-12-09 16:00:01.938486+00,285163
,,2021-03-23 04:00:00+00,8706,negative,2024-12-09 16:00:01.938486+00,285164
,,2020-11-28 05:00:00+00,645,positive,2024-12-09 16:00:01.938486+00,285165
,,2022-12-26 05:00:00+00,1018,negative,2024-12-09 16:00:01.938486+00,285166
,,2022-03-31 04:00:00+00,3809,negative,2024-12-09 16:00:01.938486+00,285167
,,2021-11-20 05:00:00+00,3356,negative,2024-12-09 16:00:01.938486+00,285168
,,2021-07-24 04:00:00+00,82,positive,2024-12-09 16:00:01.938486+00,285169
,,2022-08-09 04:00:00+00,381,positive,2024-12-09 16:00:01.938486+00,285170
,,2020-05-09 04:00:00+00,120,positive,2024-12-09 16:00:01.938486+00,285171
,,2023-11-16 05:00:00+00,170,negative,2024-12-09 16:00:01.938486+00,285172
,,2024-03-20 04:00:00+00,32,positive,2024-12-09 16:00:01.938486+00,285173
,,2020-09-23 04:00:00+00,4498,negative,2024-12-09 16:00:01.938486+00,285174
,,2024-04-21 04:00:00+00,9,positive,2024-12-09 16:00:01.938486+00,285175
,,2021-06-22 04:00:00+00,28,positive,2024-12-09 16:00:01.938486+00,285176
,,2021-02-05 05:00:00+00,9770,negative,2024-12-09 16:00:01.938486+00,285177
,,2023-03-21 04:00:00+00,73,positive,2024-12-09 16:00:01.938486+00,285178
,,2023-07-24 04:00:00+00,87,negative,2024-12-09 16:00:01.938486+00,285179
,,2022-11-17 05:00:00+00,1766,negative,2024-12-09 16:00:01.938486+00,285180
,,2021-10-24 04:00:00+00,2456,negative,2024-12-09 16:00:01.938486+00,285181
,,2023-08-16 04:00:00+00,60,positive,2024-12-09 16:00:01.938486+00,285182
,,2023-12-11 05:00:00+00,215,negative,2024-12-09 16:00:01.938486+00,285183
,,2022-07-01 04:00:00+00,316,positive,2024-12-09 16:00:01.938486+00,285184
,,2022-02-28 05:00:00+00,128,positive,2024-12-09 16:00:01.938486+00,285185
,,2020-06-15 04:00:00+00,117,positive,2024-12-09 16:00:01.938486+00,285186
,,2021-03-17 04:00:00+00,531,positive,2024-12-09 16:00:01.938486+00,285187
,,2022-12-20 05:00:00+00,281,positive,2024-12-09 16:00:01.938486+00,285188
,,2020-11-02 05:00:00+00,5348,negative,2024-12-09 16:00:01.938486+00,285189
,,2023-04-14 04:00:00+00,564,negative,2024-12-09 16:00:01.938486+00,285190
,,2021-11-25 05:00:00+00,1631,negative,2024-12-09 16:00:01.938486+00,285191
,,2021-07-19 04:00:00+00,99,positive,2024-12-09 16:00:01.938486+00,285192
,,2024-03-27 04:00:00+00,22,positive,2024-12-09 16:00:01.938486+00,285193
,,2022-08-02 04:00:00+00,415,positive,2024-12-09 16:00:01.938486+00,285194
,,2023-11-09 05:00:00+00,206,negative,2024-12-09 16:00:01.938486+00,285195
,,2020-09-18 04:00:00+00,4371,negative,2024-12-09 16:00:01.938486+00,285196
,,2020-05-14 04:00:00+00,253,positive,2024-12-09 16:00:01.938486+00,285197
,,2022-04-07 04:00:00+00,4085,negative,2024-12-09 16:00:01.938486+00,285198
,,2023-09-14 04:00:00+00,181,negative,2024-12-09 16:00:01.938486+00,285199
,,2022-06-02 04:00:00+00,2668,negative,2024-12-09 16:00:01.938486+00,285200
,,2022-10-13 04:00:00+00,170,positive,2024-12-09 16:00:01.938486+00,285201
,,2024-01-15 05:00:00+00,141,positive,2024-12-09 16:00:01.938486+00,285202
,,2021-09-29 04:00:00+00,359,positive,2024-12-09 16:00:01.938486+00,285203
,,2020-07-24 04:00:00+00,3850,negative,2024-12-09 16:00:01.938486+00,285204
,,2022-01-20 05:00:00+00,9062,negative,2024-12-09 16:00:01.938486+00,285205
,,2021-04-26 04:00:00+00,10176,negative,2024-12-09 16:00:01.938486+00,285206
,,2023-01-29 05:00:00+00,643,negative,2024-12-09 16:00:01.938486+00,285207
,,2020-12-28 05:00:00+00,871,positive,2024-12-09 16:00:01.938486+00,285208
,,2023-06-09 04:00:00+00,30,positive,2024-12-09 16:00:01.938486+00,285209
,,2023-05-26 04:00:00+00,139,negative,2024-12-09 16:00:01.938486+00,285210
,,2020-12-14 05:00:00+00,6793,negative,2024-12-09 16:00:01.938486+00,285211
,,2021-04-08 04:00:00+00,680,positive,2024-12-09 16:00:01.938486+00,285212
,,2023-01-11 05:00:00+00,302,positive,2024-12-09 16:00:01.938486+00,285213
,,2021-01-10 05:00:00+00,304,positive,2024-12-09 16:00:01.938486+00,285214
,,2023-06-28 04:00:00+00,26,positive,2024-12-09 16:00:01.938486+00,285215
,,2021-05-15 04:00:00+00,3628,negative,2024-12-09 16:00:01.938486+00,285216
,,2023-02-11 05:00:00+00,869,negative,2024-12-09 16:00:01.938486+00,285217
,,2022-02-15 05:00:00+00,172,positive,2024-12-09 16:00:01.938486+00,285218
,,2020-06-28 04:00:00+00,70,positive,2024-12-09 16:00:01.938486+00,285219
,,2022-06-28 04:00:00+00,350,positive,2024-12-09 16:00:01.938486+00,285220
,,2021-10-05 04:00:00+00,10529,negative,2024-12-09 16:00:01.938486+00,285221
,,2024-01-09 05:00:00+00,269,negative,2024-12-09 16:00:01.938486+00,285222
,,2022-10-19 04:00:00+00,3265,negative,2024-12-09 16:00:01.938486+00,285223
,,2023-08-19 04:00:00+00,45,positive,2024-12-09 16:00:01.938486+00,285224
,,2023-03-08 05:00:00+00,1018,negative,2024-12-09 16:00:01.938486+00,285225
,,2021-01-23 05:00:00+00,283,positive,2024-12-09 16:00:01.938486+00,285226
,,2021-06-03 04:00:00+00,6956,negative,2024-12-09 16:00:01.938486+00,285227
,,2023-07-05 04:00:00+00,9,positive,2024-12-09 16:00:01.938486+00,285228
,,2023-07-29 04:00:00+00,105,negative,2024-12-09 16:00:01.938486+00,285229
,,2021-06-11 04:00:00+00,34,positive,2024-12-09 16:00:01.938486+00,285230
,,2023-03-16 04:00:00+00,57,positive,2024-12-09 16:00:01.938486+00,285231
,,2021-02-16 05:00:00+00,6920,negative,2024-12-09 16:00:01.938486+00,285232
,,2024-04-26 04:00:00+00,13,positive,2024-12-09 16:00:01.938486+00,285233
,,2021-06-22 04:00:00+00,3284,negative,2024-12-09 16:00:01.938486+00,285234
,,2021-02-05 05:00:00+00,450,positive,2024-12-09 16:00:01.938486+00,285235
,,2023-03-21 04:00:00+00,944,negative,2024-12-09 16:00:01.938486+00,285236
,,2024-04-21 04:00:00+00,138,negative,2024-12-09 16:00:01.938486+00,285237
,,2023-07-24 04:00:00+00,28,positive,2024-12-09 16:00:01.938486+00,285238
,,2020-07-07 04:00:00+00,189,positive,2024-12-09 16:00:01.938486+00,285239
,,2023-08-30 04:00:00+00,99,positive,2024-12-09 16:00:01.938486+00,285240
,,2023-12-29 05:00:00+00,266,negative,2024-12-09 16:00:01.938486+00,285241
,,2022-02-06 05:00:00+00,147,positive,2024-12-09 16:00:01.938486+00,285242
,,2022-10-30 04:00:00+00,1077,negative,2024-12-09 16:00:01.938486+00,285243
,,2021-10-14 04:00:00+00,10070,negative,2024-12-09 16:00:01.938486+00,285244
,,2022-06-17 04:00:00+00,266,positive,2024-12-09 16:00:01.938486+00,285245
,,2024-02-29 05:00:00+00,72,positive,2024-12-09 16:00:01.938486+00,285246
,,2023-11-04 04:00:00+00,138,negative,2024-12-09 16:00:01.938486+00,285247
,,2022-04-12 04:00:00+00,3947,negative,2024-12-09 16:00:01.938486+00,285248
,,2022-08-29 04:00:00+00,299,positive,2024-12-09 16:00:01.938486+00,285249
,,2020-04-27 04:00:00+00,521,positive,2024-12-09 16:00:01.938486+00,285250
,,2021-08-05 04:00:00+00,267,positive,2024-12-09 16:00:01.938486+00,285251
,,2021-12-10 05:00:00+00,10995,negative,2024-12-09 16:00:01.938486+00,285252
,,2020-09-03 04:00:00+00,3818,negative,2024-12-09 16:00:01.938486+00,285253
,,2023-06-17 04:00:00+00,64,negative,2024-12-09 16:00:01.938486+00,285254
,,2023-02-22 05:00:00+00,154,positive,2024-12-09 16:00:01.938486+00,285255
,,2021-05-20 04:00:00+00,158,positive,2024-12-09 16:00:01.938486+00,285256
,,2021-01-05 05:00:00+00,7501,negative,2024-12-09 16:00:01.938486+00,285257
,,2024-02-08 05:00:00+00,316,negative,2024-12-09 16:00:01.938486+00,285258
,,2020-03-27 04:00:00+00,773,negative,2024-12-09 16:00:01.938486+00,285259
,,2022-09-19 04:00:00+00,1920,negative,2024-12-09 16:00:01.938486+00,285260
,,2022-01-12 05:00:00+00,2842,positive,2024-12-09 16:00:01.938486+00,285261
,,2023-09-22 04:00:00+00,84,positive,2024-12-09 16:00:01.938486+00,285262
,,2021-09-05 04:00:00+00,2603,negative,2024-12-09 16:00:01.938486+00,285263
,,2020-08-01 04:00:00+00,64,positive,2024-12-09 16:00:01.938486+00,285264
,,2022-05-25 04:00:00+00,534,positive,2024-12-09 16:00:01.938486+00,285265
,,2022-05-07 04:00:00+00,165,positive,2024-12-09 16:00:01.938486+00,285266
,,2022-01-02 05:00:00+00,2293,positive,2024-12-09 16:00:01.938486+00,285267
,,2021-08-14 04:00:00+00,3151,negative,2024-12-09 16:00:01.938486+00,285268
,,2022-09-05 04:00:00+00,981,negative,2024-12-09 16:00:01.938486+00,285269
,,2023-10-10 04:00:00+00,77,positive,2024-12-09 16:00:01.938486+00,285270
,,2020-04-18 04:00:00+00,570,negative,2024-12-09 16:00:01.938486+00,285271
,,2024-02-22 05:00:00+00,204,negative,2024-12-09 16:00:01.938486+00,285272
,,2020-08-11 04:00:00+00,159,positive,2024-12-09 16:00:01.938486+00,285273
,,2024-03-07 05:00:00+00,49,positive,2024-12-09 16:00:01.938486+00,285274
,,2021-07-31 04:00:00+00,161,positive,2024-12-09 16:00:01.938486+00,285275
,,2023-10-28 04:00:00+00,124,negative,2024-12-09 16:00:01.938486+00,285276
,,2022-04-19 04:00:00+00,4574,negative,2024-12-09 16:00:01.938486+00,285277
,,2021-12-15 05:00:00+00,11377,negative,2024-12-09 16:00:01.938486+00,285278
,,2022-08-22 04:00:00+00,277,positive,2024-12-09 16:00:01.938486+00,285279
,,2020-05-02 04:00:00+00,224,positive,2024-12-09 16:00:01.938486+00,285280
,,2020-08-29 04:00:00+00,2995,negative,2024-12-09 16:00:01.938486+00,285281
,,2021-05-26 04:00:00+00,5721,negative,2024-12-09 16:00:01.938486+00,285282
,,2023-02-28 05:00:00+00,1047,negative,2024-12-09 16:00:01.938486+00,285283
,,2021-01-31 05:00:00+00,215,positive,2024-12-09 16:00:01.938486+00,285284
,,2023-07-13 04:00:00+00,30,positive,2024-12-09 16:00:01.938486+00,285285
,,2023-12-09 05:00:00+00,82,positive,2024-12-09 16:00:01.938486+00,285286
,,2020-06-17 04:00:00+00,3097,negative,2024-12-09 16:00:01.938486+00,285287
,,2022-11-19 05:00:00+00,105,positive,2024-12-09 16:00:01.938486+00,285288
,,2022-02-26 05:00:00+00,1314,negative,2024-12-09 16:00:01.938486+00,285289
,,2022-06-29 04:00:00+00,2134,negative,2024-12-09 16:00:01.938486+00,285290
,,2021-10-26 04:00:00+00,237,positive,2024-12-09 16:00:01.938486+00,285291
,,2023-08-18 04:00:00+00,190,negative,2024-12-09 16:00:01.938486+00,285292
,,2020-06-02 04:00:00+00,1781,negative,2024-12-09 16:00:01.938486+00,285293
,,2020-10-01 04:00:00+00,187,positive,2024-12-09 16:00:01.938486+00,285294
,,2022-03-23 04:00:00+00,102,positive,2024-12-09 16:00:01.938486+00,285295
,,2022-07-16 04:00:00+00,1335,negative,2024-12-09 16:00:01.938486+00,285296
,,2021-06-30 04:00:00+00,3330,negative,2024-12-09 16:00:01.938486+00,285297
,,2021-11-12 05:00:00+00,323,positive,2024-12-09 16:00:01.938486+00,285298
,,2024-04-13 04:00:00+00,132,negative,2024-12-09 16:00:01.938486+00,285299
,,2023-11-24 05:00:00+00,85,positive,2024-12-09 16:00:01.938486+00,285300
,,2021-02-25 05:00:00+00,292,positive,2024-12-09 16:00:01.938486+00,285301
,,2020-10-21 04:00:00+00,5886,negative,2024-12-09 16:00:01.938486+00,285302
,,2023-04-10 04:00:00+00,696,negative,2024-12-09 16:00:01.938486+00,285303
,,2022-11-22 05:00:00+00,228,positive,2024-12-09 16:00:01.938486+00,285304
,,2021-10-03 04:00:00+00,2672,negative,2024-12-09 16:00:01.938486+00,285305
,,2023-08-25 04:00:00+00,86,positive,2024-12-09 16:00:01.938486+00,285306
,,2022-02-17 05:00:00+00,120,positive,2024-12-09 16:00:01.938486+00,285307
,,2022-10-25 04:00:00+00,1886,negative,2024-12-09 16:00:01.938486+00,285308
,,2024-01-03 05:00:00+00,279,negative,2024-12-09 16:00:01.938486+00,285309
,,2022-06-22 04:00:00+00,313,positive,2024-12-09 16:00:01.938486+00,285310
,,2020-06-26 04:00:00+00,127,positive,2024-12-09 16:00:01.938486+00,285311
,,2021-04-03 04:00:00+00,469,positive,2024-12-09 16:00:01.938486+00,285312
,,2023-05-05 04:00:00+00,529,negative,2024-12-09 16:00:01.938486+00,285313
,,2020-11-17 05:00:00+00,8185,negative,2024-12-09 16:00:01.938486+00,285314
,,2022-12-31 05:00:00+00,170,positive,2024-12-09 16:00:01.938486+00,285315
,,2020-08-24 04:00:00+00,2804,negative,2024-12-09 16:00:01.938486+00,285316
,,2021-12-20 05:00:00+00,12279,negative,2024-12-09 16:00:01.938486+00,285317
,,2022-09-12 04:00:00+00,279,positive,2024-12-09 16:00:01.938486+00,285318
,,2024-02-15 05:00:00+00,93,positive,2024-12-09 16:00:01.938486+00,285319
,,2020-04-05 04:00:00+00,253,positive,2024-12-09 16:00:01.938486+00,285320
,,2022-04-30 04:00:00+00,1402,negative,2024-12-09 16:00:01.938486+00,285321
,,2021-08-27 04:00:00+00,361,positive,2024-12-09 16:00:01.938486+00,285322
,,2023-10-17 04:00:00+00,154,negative,2024-12-09 16:00:01.938486+00,285323
,,2021-04-17 04:00:00+00,5366,negative,2024-12-09 16:00:01.938486+00,285324
,,2020-12-05 05:00:00+00,681,positive,2024-12-09 16:00:01.938486+00,285325
,,2023-05-15 04:00:00+00,22,positive,2024-12-09 16:00:01.938486+00,285326
,,2023-01-22 05:00:00+00,709,negative,2024-12-09 16:00:01.938486+00,285327
,,2023-05-30 04:00:00+00,24,positive,2024-12-09 16:00:01.938486+00,285328
,,2021-04-12 04:00:00+00,10822,negative,2024-12-09 16:00:01.938486+00,285329
,,2020-12-10 05:00:00+00,1148,positive,2024-12-09 16:00:01.938486+00,285330
,,2023-01-07 05:00:00+00,847,negative,2024-12-09 16:00:01.938486+00,285331
,,2021-12-04 05:00:00+00,3614,negative,2024-12-09 16:00:01.938486+00,285332
,,2020-04-21 04:00:00+00,414,positive,2024-12-09 16:00:01.938486+00,285333
,,2022-04-14 04:00:00+00,4065,negative,2024-12-09 16:00:01.938486+00,285334
,,2021-08-11 04:00:00+00,333,positive,2024-12-09 16:00:01.938486+00,285335
,,2020-09-09 04:00:00+00,3657,negative,2024-12-09 16:00:01.938486+00,285336
,,2023-11-02 04:00:00+00,174,negative,2024-12-09 16:00:01.938486+00,285337
,,2022-08-27 04:00:00+00,159,positive,2024-12-09 16:00:01.938486+00,285338
,,2024-03-02 05:00:00+00,35,positive,2024-12-09 16:00:01.938486+00,285339
,,2021-03-19 04:00:00+00,538,positive,2024-12-09 16:00:01.938486+00,285340
,,2020-10-31 04:00:00+00,5166,negative,2024-12-09 16:00:01.938486+00,285341
,,2023-04-20 04:00:00+00,543,negative,2024-12-09 16:00:01.938486+00,285342
,,2022-12-14 05:00:00+00,252,positive,2024-12-09 16:00:01.938486+00,285343
,,2023-12-18 05:00:00+00,243,negative,2024-12-09 16:00:01.938486+00,285344
,,2023-08-09 04:00:00+00,57,positive,2024-12-09 16:00:01.938486+00,285345
,,2020-06-10 04:00:00+00,113,positive,2024-12-09 16:00:01.938486+00,285346
,,2022-07-08 04:00:00+00,384,positive,2024-12-09 16:00:01.938486+00,285347
,,2022-03-05 05:00:00+00,36,positive,2024-12-09 16:00:01.938486+00,285348
,,2021-10-19 04:00:00+00,13787,negative,2024-12-09 16:00:01.938486+00,285349
,,2022-11-10 05:00:00+00,1826,negative,2024-12-09 16:00:01.938486+00,285350
,,2022-12-03 05:00:00+00,152,positive,2024-12-09 16:00:01.938486+00,285351
,,2021-02-26 05:00:00+00,316,positive,2024-12-09 16:00:01.938486+00,285352
,,2023-03-30 04:00:00+00,727,negative,2024-12-09 16:00:01.938486+00,285353
,,2020-10-20 04:00:00+00,5079,negative,2024-12-09 16:00:01.938486+00,285354
,,2022-04-08 04:00:00+00,161,positive,2024-12-09 16:00:01.938486+00,285355
,,2020-05-17 04:00:00+00,1321,negative,2024-12-09 16:00:01.938486+00,285356
,,2022-08-01 04:00:00+00,1923,negative,2024-12-09 16:00:01.938486+00,285357
,,2021-07-16 04:00:00+00,3018,negative,2024-12-09 16:00:01.938486+00,285358
,,2021-11-28 05:00:00+00,236,positive,2024-12-09 16:00:01.938486+00,285359
,,2024-03-28 04:00:00+00,167,negative,2024-12-09 16:00:01.938486+00,285360
,,2023-11-08 05:00:00+00,70,positive,2024-12-09 16:00:01.938486+00,285361
,,2020-09-15 04:00:00+00,99,positive,2024-12-09 16:00:01.938486+00,285362
,,2021-10-10 04:00:00+00,168,positive,2024-12-09 16:00:01.938486+00,285363
,,2022-02-10 05:00:00+00,7974,negative,2024-12-09 16:00:01.938486+00,285364
,,2020-07-03 04:00:00+00,2748,negative,2024-12-09 16:00:01.938486+00,285365
,,2022-06-13 04:00:00+00,2229,negative,2024-12-09 16:00:01.938486+00,285366
,,2023-12-25 05:00:00+00,76,positive,2024-12-09 16:00:01.938486+00,285367
,,2022-11-03 04:00:00+00,197,positive,2024-12-09 16:00:01.938486+00,285368
,,2023-09-03 04:00:00+00,108,negative,2024-12-09 16:00:01.938486+00,285369
,,2021-05-09 04:00:00+00,3039,negative,2024-12-09 16:00:01.938486+00,285370
,,2023-02-13 05:00:00+00,1170,negative,2024-12-09 16:00:01.938486+00,285371
,,2023-06-26 04:00:00+00,21,positive,2024-12-09 16:00:01.938486+00,285372
,,2021-01-16 05:00:00+00,337,positive,2024-12-09 16:00:01.938486+00,285373
,,2021-08-16 04:00:00+00,367,positive,2024-12-09 16:00:01.938486+00,285374
,,2020-08-13 04:00:00+00,3764,negative,2024-12-09 16:00:01.938486+00,285375
,,2020-04-16 04:00:00+00,527,positive,2024-12-09 16:00:01.938486+00,285376
,,2023-10-12 04:00:00+00,161,negative,2024-12-09 16:00:01.938486+00,285377
,,2024-02-20 05:00:00+00,119,positive,2024-12-09 16:00:01.938486+00,285378
,,2022-05-05 04:00:00+00,3120,negative,2024-12-09 16:00:01.938486+00,285379
,,2021-12-31 05:00:00+00,3774,negative,2024-12-09 16:00:01.938486+00,285380
,,2022-09-07 04:00:00+00,263,positive,2024-12-09 16:00:01.938486+00,285381
,,2021-08-27 04:00:00+00,6646,negative,2024-12-09 16:00:01.938486+00,285382
,,2023-10-17 04:00:00+00,78,positive,2024-12-09 16:00:01.938486+00,285383
,,2022-09-12 04:00:00+00,1828,negative,2024-12-09 16:00:01.938486+00,285384
,,2020-04-05 04:00:00+00,769,negative,2024-12-09 16:00:01.938486+00,285385
,,2021-12-20 05:00:00+00,1759,positive,2024-12-09 16:00:01.938486+00,285386
,,2022-04-30 04:00:00+00,168,positive,2024-12-09 16:00:01.938486+00,285387
,,2024-02-15 05:00:00+00,269,negative,2024-12-09 16:00:01.938486+00,285388
,,2020-08-24 04:00:00+00,144,positive,2024-12-09 16:00:01.938486+00,285389
,,2024-01-23 05:00:00+00,207,negative,2024-12-09 16:00:01.938486+00,285390
,,2022-10-05 04:00:00+00,1686,negative,2024-12-09 16:00:01.938486+00,285391
,,2020-07-16 04:00:00+00,154,positive,2024-12-09 16:00:01.938486+00,285392
,,2022-06-10 04:00:00+00,287,positive,2024-12-09 16:00:01.938486+00,285393
,,2022-01-28 05:00:00+00,524,positive,2024-12-09 16:00:01.938486+00,285394
,,2023-09-06 04:00:00+00,105,positive,2024-12-09 16:00:01.938486+00,285395
,,2021-09-21 04:00:00+00,10402,negative,2024-12-09 16:00:01.938486+00,285396
,,2023-07-02 04:00:00+00,73,negative,2024-12-09 16:00:01.938486+00,285397
,,2021-06-04 04:00:00+00,66,positive,2024-12-09 16:00:01.938486+00,285398
,,2023-03-11 05:00:00+00,59,positive,2024-12-09 16:00:01.938486+00,285399
,,2021-01-22 05:00:00+00,9300,negative,2024-12-09 16:00:01.938486+00,285400
,,2024-05-01 04:00:00+00,10,positive,2024-12-09 16:00:01.938486+00,285401
,,2024-03-17 04:00:00+00,24,positive,2024-12-09 16:00:01.938486+00,285402
,,2020-09-20 04:00:00+00,2791,negative,2024-12-09 16:00:01.938486+00,285403
,,2021-11-23 05:00:00+00,11117,negative,2024-12-09 16:00:01.938486+00,285404
,,2023-11-19 05:00:00+00,123,negative,2024-12-09 16:00:01.938486+00,285405
,,2022-03-28 04:00:00+00,3857,negative,2024-12-09 16:00:01.938486+00,285406
,,2020-05-12 04:00:00+00,281,positive,2024-12-09 16:00:01.938486+00,285407
,,2022-08-12 04:00:00+00,254,positive,2024-12-09 16:00:01.938486+00,285408
,,2021-07-21 04:00:00+00,124,positive,2024-12-09 16:00:01.938486+00,285409
,,2020-06-21 04:00:00+00,78,positive,2024-12-09 16:00:01.938486+00,285410
,,2023-08-14 04:00:00+00,65,positive,2024-12-09 16:00:01.938486+00,285411
,,2022-02-22 05:00:00+00,151,positive,2024-12-09 16:00:01.938486+00,285412
,,2022-11-15 05:00:00+00,2140,negative,2024-12-09 16:00:01.938486+00,285413
,,2022-07-03 04:00:00+00,188,positive,2024-12-09 16:00:01.938486+00,285414
,,2021-10-30 04:00:00+00,3346,negative,2024-12-09 16:00:01.938486+00,285415
,,2023-12-13 05:00:00+00,231,negative,2024-12-09 16:00:01.938486+00,285416
,,2023-07-27 04:00:00+00,39,positive,2024-12-09 16:00:01.938486+00,285417
,,2023-03-18 04:00:00+00,607,negative,2024-12-09 16:00:01.938486+00,285418
,,2021-02-14 05:00:00+00,123,positive,2024-12-09 16:00:01.938486+00,285419
,,2021-06-13 04:00:00+00,1548,negative,2024-12-09 16:00:01.938486+00,285420
,,2024-04-24 04:00:00+00,123,negative,2024-12-09 16:00:01.938486+00,285421
,,2023-07-13 04:00:00+00,94,negative,2024-12-09 16:00:01.938486+00,285422
,,2021-05-26 04:00:00+00,116,positive,2024-12-09 16:00:01.938486+00,285423
,,2021-01-31 05:00:00+00,3649,negative,2024-12-09 16:00:01.938486+00,285424
,,2023-02-28 05:00:00+00,107,positive,2024-12-09 16:00:01.938486+00,285425
,,2021-01-08 05:00:00+00,699,positive,2024-12-09 16:00:01.938486+00,285426
,,2021-05-17 04:00:00+00,8427,negative,2024-12-09 16:00:01.938486+00,285427
,,2023-02-21 05:00:00+00,1307,negative,2024-12-09 16:00:01.938486+00,285428
,,2023-06-18 04:00:00+00,11,positive,2024-12-09 16:00:01.938486+00,285429
,,2022-06-11 04:00:00+00,193,positive,2024-12-09 16:00:01.938486+00,285430
,,2020-07-13 04:00:00+00,168,positive,2024-12-09 16:00:01.938486+00,285431
,,2021-09-18 04:00:00+00,3392,negative,2024-12-09 16:00:01.938486+00,285432
,,2023-09-05 04:00:00+00,113,positive,2024-12-09 16:00:01.938486+00,285433
,,2024-01-24 05:00:00+00,189,negative,2024-12-09 16:00:01.938486+00,285434
,,2022-01-31 05:00:00+00,772,positive,2024-12-09 16:00:01.938486+00,285435
,,2022-10-04 04:00:00+00,1615,negative,2024-12-09 16:00:01.938486+00,285436
,,2023-06-12 04:00:00+00,19,positive,2024-12-09 16:00:01.938486+00,285437
,,2021-04-29 04:00:00+00,9537,negative,2024-12-09 16:00:01.938486+00,285438
,,2020-12-25 05:00:00+00,165,positive,2024-12-09 16:00:01.938486+00,285439
,,2023-01-26 05:00:00+00,1203,negative,2024-12-09 16:00:01.938486+00,285440
,,2023-05-19 04:00:00+00,113,negative,2024-12-09 16:00:01.938486+00,285441
,,2020-12-01 05:00:00+00,7405,negative,2024-12-09 16:00:01.938486+00,285442
,,2023-01-18 05:00:00+00,273,positive,2024-12-09 16:00:01.938486+00,285443
,,2021-04-21 04:00:00+00,577,positive,2024-12-09 16:00:01.938486+00,285444
,,2023-06-25 04:00:00+00,11,positive,2024-12-09 16:00:01.938486+00,285445
,,2021-05-12 04:00:00+00,9048,negative,2024-12-09 16:00:01.938486+00,285446
,,2023-02-14 05:00:00+00,1111,negative,2024-12-09 16:00:01.938486+00,285447
,,2021-01-13 05:00:00+00,607,positive,2024-12-09 16:00:01.938486+00,285448
,,2022-02-06 05:00:00+00,1637,negative,2024-12-09 16:00:01.938486+00,285449
,,2021-10-14 04:00:00+00,319,positive,2024-12-09 16:00:01.938486+00,285450
,,2020-07-07 04:00:00+00,2862,negative,2024-12-09 16:00:01.938486+00,285451
,,2022-06-17 04:00:00+00,2080,negative,2024-12-09 16:00:01.938486+00,285452
,,2022-10-30 04:00:00+00,101,positive,2024-12-09 16:00:01.938486+00,285453
,,2023-08-30 04:00:00+00,153,negative,2024-12-09 16:00:01.938486+00,285454
,,2023-12-29 05:00:00+00,178,positive,2024-12-09 16:00:01.938486+00,285455
,,2020-05-30 04:00:00+00,75,positive,2024-12-09 16:00:01.938486+00,285456
,,2022-07-17 04:00:00+00,232,positive,2024-12-09 16:00:01.938486+00,285457
,,2021-07-03 04:00:00+00,32,positive,2024-12-09 16:00:01.938486+00,285458
,,2021-11-09 05:00:00+00,11115,negative,2024-12-09 16:00:01.938486+00,285459
,,2024-04-12 04:00:00+00,15,positive,2024-12-09 16:00:01.938486+00,285460
,,2023-11-25 05:00:00+00,123,negative,2024-12-09 16:00:01.938486+00,285461
,,2022-03-22 04:00:00+00,4076,negative,2024-12-09 16:00:01.938486+00,285462
,,2020-10-04 04:00:00+00,3025,negative,2024-12-09 16:00:01.938486+00,285463
,,2022-12-04 05:00:00+00,136,positive,2024-12-09 16:00:01.938486+00,285464
,,2020-10-17 04:00:00+00,4978,negative,2024-12-09 16:00:01.938486+00,285465
,,2021-03-01 05:00:00+00,339,positive,2024-12-09 16:00:01.938486+00,285466
,,2023-03-29 04:00:00+00,734,negative,2024-12-09 16:00:01.938486+00,285467
,,2023-12-22 05:00:00+00,212,negative,2024-12-09 16:00:01.938486+00,285468
,,2020-06-14 04:00:00+00,51,positive,2024-12-09 16:00:01.938486+00,285469
,,2022-07-12 04:00:00+00,472,positive,2024-12-09 16:00:01.938486+00,285470
,,2022-11-06 04:00:00+00,1145,negative,2024-12-09 16:00:01.938486+00,285471
,,2022-03-01 05:00:00+00,80,positive,2024-12-09 16:00:01.938486+00,285472
,,2023-08-05 04:00:00+00,38,positive,2024-12-09 16:00:01.938486+00,285473
,,2021-10-23 04:00:00+00,3055,negative,2024-12-09 16:00:01.938486+00,285474
,,2021-01-20 05:00:00+00,7074,negative,2024-12-09 16:00:01.938486+00,285475
,,2023-03-05 05:00:00+00,42,positive,2024-12-09 16:00:01.938486+00,285476
,,2023-07-08 04:00:00+00,87,negative,2024-12-09 16:00:01.938486+00,285477
,,2021-06-06 04:00:00+00,36,positive,2024-12-09 16:00:01.938486+00,285478
,,2024-03-05 05:00:00+00,61,positive,2024-12-09 16:00:01.938486+00,285479
,,2021-08-10 04:00:00+00,332,positive,2024-12-09 16:00:01.938486+00,285480
,,2020-09-08 04:00:00+00,2785,negative,2024-12-09 16:00:01.938486+00,285481
,,2021-12-05 05:00:00+00,2634,negative,2024-12-09 16:00:01.938486+00,285482
,,2023-10-30 04:00:00+00,164,negative,2024-12-09 16:00:01.938486+00,285483
,,2022-08-24 04:00:00+00,298,positive,2024-12-09 16:00:01.938486+00,285484
,,2020-04-22 04:00:00+00,508,positive,2024-12-09 16:00:01.938486+00,285485
,,2022-04-17 04:00:00+00,1060,negative,2024-12-09 16:00:01.938486+00,285486
,,2020-12-14 05:00:00+00,1010,positive,2024-12-09 16:00:01.938486+00,285487
,,2021-04-08 04:00:00+00,12265,negative,2024-12-09 16:00:01.938486+00,285488
,,2023-01-11 05:00:00+00,1177,negative,2024-12-09 16:00:01.938486+00,285489
,,2023-05-26 04:00:00+00,22,positive,2024-12-09 16:00:01.938486+00,285490
,,2022-01-09 05:00:00+00,3371,negative,2024-12-09 16:00:01.938486+00,285491
,,2024-01-26 05:00:00+00,110,positive,2024-12-09 16:00:01.938486+00,285492
,,2021-09-08 04:00:00+00,347,positive,2024-12-09 16:00:01.938486+00,285493
,,2020-03-24 04:00:00+00,178,positive,2024-12-09 16:00:01.938486+00,285494
,,2020-08-04 04:00:00+00,3498,negative,2024-12-09 16:00:01.938486+00,285495
,,2022-10-02 04:00:00+00,114,positive,2024-12-09 16:00:01.938486+00,285496
,,2022-05-12 04:00:00+00,3537,negative,2024-12-09 16:00:01.938486+00,285497
,,2023-10-05 04:00:00+00,173,negative,2024-12-09 16:00:01.938486+00,285498
,,2023-10-21 04:00:00+00,135,negative,2024-12-09 16:00:01.938486+00,285499
,,2021-12-24 05:00:00+00,3812,negative,2024-12-09 16:00:01.938486+00,285500
,,2022-04-26 04:00:00+00,3683,negative,2024-12-09 16:00:01.938486+00,285501
,,2020-04-09 04:00:00+00,436,positive,2024-12-09 16:00:01.938486+00,285502
,,2021-08-23 04:00:00+00,396,positive,2024-12-09 16:00:01.938486+00,285503
,,2022-09-16 04:00:00+00,211,positive,2024-12-09 16:00:01.938486+00,285504
,,2024-02-11 05:00:00+00,72,positive,2024-12-09 16:00:01.938486+00,285505
,,2020-08-20 04:00:00+00,3576,negative,2024-12-09 16:00:01.938486+00,285506
,,2021-03-30 04:00:00+00,642,positive,2024-12-09 16:00:01.938486+00,285507
,,2023-05-01 04:00:00+00,629,negative,2024-12-09 16:00:01.938486+00,285508
,,2020-11-21 05:00:00+00,7834,negative,2024-12-09 16:00:01.938486+00,285509
,,2023-01-04 05:00:00+00,325,positive,2024-12-09 16:00:01.938486+00,285510
,,2021-07-14 04:00:00+00,3538,negative,2024-12-09 16:00:01.938486+00,285511
,,2020-05-19 04:00:00+00,1823,negative,2024-12-09 16:00:01.938486+00,285512
,,2022-08-07 04:00:00+00,1200,negative,2024-12-09 16:00:01.938486+00,285513
,,2020-09-13 04:00:00+00,38,positive,2024-12-09 16:00:01.938486+00,285514
,,2024-03-22 04:00:00+00,169,negative,2024-12-09 16:00:01.938486+00,285515
,,2023-11-14 05:00:00+00,74,positive,2024-12-09 16:00:01.938486+00,285516
,,2022-04-02 04:00:00+00,74,positive,2024-12-09 16:00:01.938486+00,285517
,,2021-11-30 05:00:00+00,591,positive,2024-12-09 16:00:01.938486+00,285518
,,2023-04-06 04:00:00+00,676,negative,2024-12-09 16:00:01.938486+00,285519
,,2021-02-21 05:00:00+00,207,positive,2024-12-09 16:00:01.938486+00,285520
,,2022-11-26 05:00:00+00,128,positive,2024-12-09 16:00:01.938486+00,285521
,,2020-10-25 04:00:00+00,4090,negative,2024-12-09 16:00:01.938486+00,285522
,,2024-04-12 04:00:00+00,151,negative,2024-12-09 16:00:01.938486+00,285523
,,2020-10-04 04:00:00+00,108,positive,2024-12-09 16:00:01.938486+00,285524
,,2020-05-30 04:00:00+00,1650,negative,2024-12-09 16:00:01.938486+00,285525
,,2023-11-25 05:00:00+00,50,positive,2024-12-09 16:00:01.938486+00,285526
,,2021-07-03 04:00:00+00,1571,negative,2024-12-09 16:00:01.938486+00,285527
,,2022-07-17 04:00:00+00,1125,negative,2024-12-09 16:00:01.938486+00,285528
,,2021-11-09 05:00:00+00,345,positive,2024-12-09 16:00:01.938486+00,285529
,,2022-03-22 04:00:00+00,118,positive,2024-12-09 16:00:01.938486+00,285530
,,2022-12-06 05:00:00+00,2040,negative,2024-12-09 16:00:01.938486+00,285531
,,2023-04-28 04:00:00+00,24,positive,2024-12-09 16:00:01.938486+00,285532
,,2020-11-08 05:00:00+00,473,positive,2024-12-09 16:00:01.938486+00,285533
,,2021-03-11 05:00:00+00,6433,negative,2024-12-09 16:00:01.938486+00,285534
,,2021-05-30 04:00:00+00,1777,negative,2024-12-09 16:00:01.938486+00,285535
,,2021-01-27 05:00:00+00,489,positive,2024-12-09 16:00:01.938486+00,285536
,,2023-02-24 05:00:00+00,931,negative,2024-12-09 16:00:01.938486+00,285537
,,2023-07-17 04:00:00+00,35,positive,2024-12-09 16:00:01.938486+00,285538
,,2023-10-27 04:00:00+00,139,negative,2024-12-09 16:00:01.938486+00,285539
,,2024-03-08 05:00:00+00,42,positive,2024-12-09 16:00:01.938486+00,285540
,,2022-04-20 04:00:00+00,4176,negative,2024-12-09 16:00:01.938486+00,285541
,,2021-12-18 05:00:00+00,4086,negative,2024-12-09 16:00:01.938486+00,285542
,,2021-07-28 04:00:00+00,196,positive,2024-12-09 16:00:01.938486+00,285543
,,2020-05-05 04:00:00+00,419,positive,2024-12-09 16:00:01.938486+00,285544
,,2022-08-21 04:00:00+00,180,positive,2024-12-09 16:00:01.938486+00,285545
,,2020-08-26 04:00:00+00,4112,negative,2024-12-09 16:00:01.938486+00,285546
,,2023-01-16 05:00:00+00,847,negative,2024-12-09 16:00:01.938486+00,285547
,,2020-12-03 05:00:00+00,1311,positive,2024-12-09 16:00:01.938486+00,285548
,,2021-04-19 04:00:00+00,10532,negative,2024-12-09 16:00:01.938486+00,285549
,,2023-05-21 04:00:00+00,12,positive,2024-12-09 16:00:01.938486+00,285550
,,2022-05-21 04:00:00+00,270,positive,2024-12-09 16:00:01.938486+00,285551
,,2022-09-23 04:00:00+00,1764,negative,2024-12-09 16:00:01.938486+00,285552
,,2022-01-16 05:00:00+00,661,positive,2024-12-09 16:00:01.938486+00,285553
,,2024-02-04 05:00:00+00,148,negative,2024-12-09 16:00:01.938486+00,285554
,,2020-03-31 04:00:00+00,858,negative,2024-12-09 16:00:01.938486+00,285555
,,2024-04-05 04:00:00+00,163,negative,2024-12-09 16:00:01.938486+00,285693
,,2023-04-08 04:00:00+00,31,positive,2024-12-09 16:00:01.938486+00,285694
,,2020-10-27 04:00:00+00,409,positive,2024-12-09 16:00:01.938486+00,285695
,,2022-11-24 05:00:00+00,1099,negative,2024-12-09 16:00:01.938486+00,285696
,,2021-02-19 05:00:00+00,5516,negative,2024-12-09 16:00:01.938486+00,285697
,,2024-03-14 04:00:00+00,30,positive,2024-12-09 16:00:01.938486+00,285698
,,2020-05-11 04:00:00+00,287,positive,2024-12-09 16:00:01.938486+00,285699
,,2022-03-25 04:00:00+00,3224,negative,2024-12-09 16:00:01.938486+00,285700
,,2021-11-22 05:00:00+00,12215,negative,2024-12-09 16:00:01.938486+00,285701
,,2023-11-22 05:00:00+00,165,negative,2024-12-09 16:00:01.938486+00,285702
,,2022-08-15 04:00:00+00,330,positive,2024-12-09 16:00:01.938486+00,285703
,,2021-07-22 04:00:00+00,112,positive,2024-12-09 16:00:01.938486+00,285704
,,2020-09-21 04:00:00+00,3808,negative,2024-12-09 16:00:01.938486+00,285705
,,2023-11-07 05:00:00+00,174,negative,2024-12-09 16:00:01.938486+00,285706
,,2021-07-17 04:00:00+00,44,positive,2024-12-09 16:00:01.938486+00,285707
,,2021-11-27 05:00:00+00,2579,negative,2024-12-09 16:00:01.938486+00,285708
,,2020-05-16 04:00:00+00,106,positive,2024-12-09 16:00:01.938486+00,285709
,,2022-04-09 04:00:00+00,1574,negative,2024-12-09 16:00:01.938486+00,285710
,,2020-09-16 04:00:00+00,4415,negative,2024-12-09 16:00:01.938486+00,285711
,,2022-07-31 04:00:00+00,198,positive,2024-12-09 16:00:01.938486+00,285712
,,2024-03-29 04:00:00+00,24,positive,2024-12-09 16:00:01.938486+00,285713
,,2023-05-04 04:00:00+00,23,positive,2024-12-09 16:00:01.938486+00,285714
,,2023-01-01 05:00:00+00,598,negative,2024-12-09 16:00:01.938486+00,285715
,,2020-11-14 05:00:00+00,637,positive,2024-12-09 16:00:01.938486+00,285716
,,2021-04-06 04:00:00+00,11387,negative,2024-12-09 16:00:01.938486+00,285717
,,2021-12-21 05:00:00+00,2158,positive,2024-12-09 16:00:01.938486+00,285718
,,2021-08-26 04:00:00+00,7453,negative,2024-12-09 16:00:01.938486+00,285719
,,2022-09-09 04:00:00+00,1755,negative,2024-12-09 16:00:01.938486+00,285720
,,2020-04-06 04:00:00+00,1114,negative,2024-12-09 16:00:01.938486+00,285721
,,2023-10-14 04:00:00+00,38,positive,2024-12-09 16:00:01.938486+00,285722
,,2024-02-18 05:00:00+00,165,negative,2024-12-09 16:00:01.938486+00,285723
,,2022-05-03 04:00:00+00,438,positive,2024-12-09 16:00:01.938486+00,285724
,,2020-08-23 04:00:00+00,42,positive,2024-12-09 16:00:01.938486+00,285725
,,2023-02-01 05:00:00+00,246,positive,2024-12-09 16:00:01.938486+00,285726
,,2020-12-19 05:00:00+00,6509,negative,2024-12-09 16:00:01.938486+00,285727
,,2023-06-06 04:00:00+00,124,negative,2024-12-09 16:00:01.938486+00,285728
,,2021-05-05 04:00:00+00,263,positive,2024-12-09 16:00:01.938486+00,285729
,,2022-04-12 04:00:00+00,424,positive,2024-12-09 16:00:01.938486+00,285730
,,2022-08-29 04:00:00+00,1706,negative,2024-12-09 16:00:01.938486+00,285731
,,2020-04-27 04:00:00+00,1147,negative,2024-12-09 16:00:01.938486+00,285732
,,2024-02-29 05:00:00+00,215,negative,2024-12-09 16:00:01.938486+00,285733
,,2020-09-03 04:00:00+00,115,positive,2024-12-09 16:00:01.938486+00,285734
,,2023-11-04 04:00:00+00,61,positive,2024-12-09 16:00:01.938486+00,285735
,,2021-12-10 05:00:00+00,542,positive,2024-12-09 16:00:01.938486+00,285736
,,2021-08-05 04:00:00+00,3943,negative,2024-12-09 16:00:01.938486+00,285737
,,2022-12-06 05:00:00+00,221,positive,2024-12-09 16:00:01.938486+00,285738
,,2021-03-11 05:00:00+00,376,positive,2024-12-09 16:00:01.938486+00,285739
,,2020-11-08 05:00:00+00,4615,negative,2024-12-09 16:00:01.938486+00,285740
,,2023-04-28 04:00:00+00,510,negative,2024-12-09 16:00:01.938486+00,285741
,,2024-05-02 04:00:00+00,92,negative,2024-12-09 16:00:01.938486+00,285742
,,2023-07-03 04:00:00+00,19,positive,2024-12-09 16:00:01.938486+00,285743
,,2023-03-10 05:00:00+00,886,negative,2024-12-09 16:00:01.938486+00,285744
,,2021-01-21 05:00:00+00,516,positive,2024-12-09 16:00:01.938486+00,285745
,,2021-06-05 04:00:00+00,1865,negative,2024-12-09 16:00:01.938486+00,285746
,,2023-12-19 05:00:00+00,169,positive,2024-12-09 16:00:01.938486+00,285747
,,2020-06-07 04:00:00+00,1409,negative,2024-12-09 16:00:01.938486+00,285748
,,2021-10-16 04:00:00+00,174,positive,2024-12-09 16:00:01.938486+00,285749
,,2022-11-09 05:00:00+00,195,positive,2024-12-09 16:00:01.938486+00,285750
,,2023-08-08 04:00:00+00,112,negative,2024-12-09 16:00:01.938486+00,285751
,,2022-03-08 05:00:00+00,5674,negative,2024-12-09 16:00:01.938486+00,285752
,,2022-07-09 04:00:00+00,1394,negative,2024-12-09 16:00:01.938486+00,285753
,,2023-04-03 04:00:00+00,26,positive,2024-12-09 16:00:01.938486+00,285754
,,2022-11-29 05:00:00+00,1524,negative,2024-12-09 16:00:01.938486+00,285755
,,2020-10-16 04:00:00+00,292,positive,2024-12-09 16:00:01.938486+00,285756
,,2021-03-02 05:00:00+00,8598,negative,2024-12-09 16:00:01.938486+00,285757
,,2020-10-30 04:00:00+00,6068,negative,2024-12-09 16:00:01.938486+00,285758
,,2022-12-17 05:00:00+00,152,positive,2024-12-09 16:00:01.938486+00,285759
,,2023-04-17 04:00:00+00,641,negative,2024-12-09 16:00:01.938486+00,285760
,,2021-03-20 04:00:00+00,340,positive,2024-12-09 16:00:01.938486+00,285761
,,2021-05-15 04:00:00+00,103,positive,2024-12-09 16:00:01.938486+00,285762
,,2023-06-28 04:00:00+00,86,negative,2024-12-09 16:00:01.938486+00,285763
,,2023-02-11 05:00:00+00,116,positive,2024-12-09 16:00:01.938486+00,285764
,,2021-01-10 05:00:00+00,4483,negative,2024-12-09 16:00:01.938486+00,285765
,,2020-08-04 04:00:00+00,86,positive,2024-12-09 16:00:01.938486+00,285766
,,2022-05-12 04:00:00+00,522,positive,2024-12-09 16:00:01.938486+00,285767
,,2022-10-02 04:00:00+00,948,negative,2024-12-09 16:00:01.938486+00,285768
,,2022-01-09 05:00:00+00,1491,positive,2024-12-09 16:00:01.938486+00,285769
,,2021-09-08 04:00:00+00,10010,negative,2024-12-09 16:00:01.938486+00,285770
,,2024-01-26 05:00:00+00,213,negative,2024-12-09 16:00:01.938486+00,285771
,,2023-10-05 04:00:00+00,76,positive,2024-12-09 16:00:01.938486+00,285772
,,2020-03-24 04:00:00+00,617,negative,2024-12-09 16:00:01.938486+00,285773
,,2023-01-19 05:00:00+00,1250,negative,2024-12-09 16:00:01.938486+00,285774
,,2023-05-18 04:00:00+00,10,positive,2024-12-09 16:00:01.938486+00,285775
,,2020-12-06 05:00:00+00,521,positive,2024-12-09 16:00:01.938486+00,285776
,,2021-04-16 04:00:00+00,11081,negative,2024-12-09 16:00:01.938486+00,285777
,,2023-06-11 04:00:00+00,88,negative,2024-12-09 16:00:01.938486+00,285778
,,2020-12-30 05:00:00+00,7178,negative,2024-12-09 16:00:01.938486+00,285779
,,2023-01-27 05:00:00+00,212,positive,2024-12-09 16:00:01.938486+00,285780
,,2021-04-24 04:00:00+00,320,positive,2024-12-09 16:00:01.938486+00,285781
,,2022-10-09 04:00:00+00,95,positive,2024-12-09 16:00:01.938486+00,285782
,,2024-01-19 05:00:00+00,78,positive,2024-12-09 16:00:01.938486+00,285783
,,2021-09-17 04:00:00+00,308,positive,2024-12-09 16:00:01.938486+00,285784
,,2020-07-12 04:00:00+00,1602,negative,2024-12-09 16:00:01.938486+00,285785
,,2020-03-15 04:00:00+00,15,positive,2024-12-09 16:00:01.938486+00,285786
,,2023-09-10 04:00:00+00,107,negative,2024-12-09 16:00:01.938486+00,285787
,,2022-02-01 05:00:00+00,6137,negative,2024-12-09 16:00:01.938486+00,285788
,,2022-06-06 04:00:00+00,2697,negative,2024-12-09 16:00:01.938486+00,285789
,,2024-01-04 05:00:00+00,286,negative,2024-12-09 16:00:01.938486+00,285790
,,2022-10-24 04:00:00+00,1605,negative,2024-12-09 16:00:01.938486+00,285791
,,2022-06-23 04:00:00+00,328,positive,2024-12-09 16:00:01.938486+00,285792
,,2021-09-30 04:00:00+00,10713,negative,2024-12-09 16:00:01.938486+00,285793
,,2020-06-23 04:00:00+00,171,positive,2024-12-09 16:00:01.938486+00,285794
,,2023-08-24 04:00:00+00,54,positive,2024-12-09 16:00:01.938486+00,285795
,,2022-02-20 05:00:00+00,52,positive,2024-12-09 16:00:01.938486+00,285796
,,2021-10-24 04:00:00+00,113,positive,2024-12-09 16:00:01.938486+00,285797
,,2023-12-11 05:00:00+00,121,positive,2024-12-09 16:00:01.938486+00,285798
,,2023-08-16 04:00:00+00,105,negative,2024-12-09 16:00:01.938486+00,285799
,,2022-07-01 04:00:00+00,1775,negative,2024-12-09 16:00:01.938486+00,285800
,,2022-02-28 05:00:00+00,7221,negative,2024-12-09 16:00:01.938486+00,285801
,,2020-06-15 04:00:00+00,2277,negative,2024-12-09 16:00:01.938486+00,285802
,,2022-11-17 05:00:00+00,199,positive,2024-12-09 16:00:01.938486+00,285803
,,2024-04-29 04:00:00+00,21,positive,2024-12-09 16:00:01.938486+00,285804
,,2023-08-01 04:00:00+00,88,negative,2024-12-09 16:00:01.938486+00,285805
,,2023-03-13 04:00:00+00,73,positive,2024-12-09 16:00:01.938486+00,285806
,,2021-02-13 05:00:00+00,4496,negative,2024-12-09 16:00:01.938486+00,285807
,,2021-06-14 04:00:00+00,38,positive,2024-12-09 16:00:01.938486+00,285808
,,2023-08-15 04:00:00+00,128,negative,2024-12-09 16:00:01.938486+00,285809
,,2022-11-16 05:00:00+00,182,positive,2024-12-09 16:00:01.938486+00,285810
,,2020-06-16 04:00:00+00,2539,negative,2024-12-09 16:00:01.938486+00,285811
,,2022-07-02 04:00:00+00,1327,negative,2024-12-09 16:00:01.938486+00,285812
,,2021-10-25 04:00:00+00,234,positive,2024-12-09 16:00:01.938486+00,285813
,,2022-02-27 05:00:00+00,1356,negative,2024-12-09 16:00:01.938486+00,285814
,,2023-12-12 05:00:00+00,152,positive,2024-12-09 16:00:01.938486+00,285815
,,2021-11-18 05:00:00+00,335,positive,2024-12-09 16:00:01.938486+00,285816
,,2022-08-11 04:00:00+00,2050,negative,2024-12-09 16:00:01.938486+00,285817
,,2020-05-07 04:00:00+00,1724,negative,2024-12-09 16:00:01.938486+00,285818
,,2024-03-18 04:00:00+00,200,negative,2024-12-09 16:00:01.938486+00,285819
,,2022-03-29 04:00:00+00,164,positive,2024-12-09 16:00:01.938486+00,285820
,,2021-07-26 04:00:00+00,3978,negative,2024-12-09 16:00:01.938486+00,285821
,,2020-09-25 04:00:00+00,113,positive,2024-12-09 16:00:01.938486+00,285822
,,2023-11-18 05:00:00+00,72,positive,2024-12-09 16:00:01.938486+00,285823
,,2020-03-16 04:00:00+00,34,positive,2024-12-09 16:00:01.938486+00,285824
,,2021-09-16 04:00:00+00,339,positive,2024-12-09 16:00:01.938486+00,285825
,,2024-01-18 05:00:00+00,132,positive,2024-12-09 16:00:01.938486+00,285826
,,2022-10-10 04:00:00+00,194,positive,2024-12-09 16:00:01.938486+00,285827
,,2023-09-11 04:00:00+00,124,negative,2024-12-09 16:00:01.938486+00,285828
,,2022-06-05 04:00:00+00,1540,negative,2024-12-09 16:00:01.938486+00,285829
,,2020-07-11 04:00:00+00,1862,negative,2024-12-09 16:00:01.938486+00,285830
,,2022-02-02 05:00:00+00,9002,negative,2024-12-09 16:00:01.938486+00,285831
,,2023-06-04 04:00:00+00,13,positive,2024-12-09 16:00:01.938486+00,285832
,,2021-05-07 04:00:00+00,10527,negative,2024-12-09 16:00:01.938486+00,285833
,,2020-12-17 05:00:00+00,598,positive,2024-12-09 16:00:01.938486+00,285834
,,2023-02-03 05:00:00+00,1087,negative,2024-12-09 16:00:01.938486+00,285835
,,2020-12-07 05:00:00+00,1237,positive,2024-12-09 16:00:01.938486+00,285836
,,2023-05-17 04:00:00+00,13,positive,2024-12-09 16:00:01.938486+00,285837
,,2023-01-20 05:00:00+00,1041,negative,2024-12-09 16:00:01.938486+00,285838
,,2021-04-15 04:00:00+00,12148,negative,2024-12-09 16:00:01.938486+00,285839
,,2021-08-17 04:00:00+00,4212,negative,2024-12-09 16:00:01.938486+00,285840
,,2020-08-14 04:00:00+00,131,positive,2024-12-09 16:00:01.938486+00,285841
,,2021-12-30 05:00:00+00,5142,positive,2024-12-09 16:00:01.938486+00,285842
,,2023-10-07 04:00:00+00,46,positive,2024-12-09 16:00:01.938486+00,285843
,,2024-02-25 05:00:00+00,149,negative,2024-12-09 16:00:01.938486+00,285844
,,2020-04-15 04:00:00+00,1046,negative,2024-12-09 16:00:01.938486+00,285845
,,2022-05-10 04:00:00+00,579,positive,2024-12-09 16:00:01.938486+00,285846
,,2022-09-02 04:00:00+00,1588,negative,2024-12-09 16:00:01.938486+00,285847
,,2021-01-09 05:00:00+00,6649,negative,2024-12-09 16:00:01.938486+00,285848
,,2023-06-29 04:00:00+00,99,negative,2024-12-09 16:00:01.938486+00,285849
,,2023-02-10 05:00:00+00,212,positive,2024-12-09 16:00:01.938486+00,285850
,,2021-05-16 04:00:00+00,116,positive,2024-12-09 16:00:01.938486+00,285851
,,2022-02-07 05:00:00+00,325,positive,2024-12-09 16:00:01.938486+00,285852
,,2022-10-27 04:00:00+00,1736,negative,2024-12-09 16:00:01.938486+00,285853
,,2021-10-13 04:00:00+00,11650,negative,2024-12-09 16:00:01.938486+00,285854
,,2022-06-20 04:00:00+00,290,positive,2024-12-09 16:00:01.938486+00,285855
,,2020-07-06 04:00:00+00,140,positive,2024-12-09 16:00:01.938486+00,285856
,,2023-08-27 04:00:00+00,38,positive,2024-12-09 16:00:01.938486+00,285857
,,2024-01-01 05:00:00+00,206,negative,2024-12-09 16:00:01.938486+00,285858
,,2021-03-03 05:00:00+00,9158,negative,2024-12-09 16:00:01.938486+00,285859
,,2020-10-15 04:00:00+00,250,positive,2024-12-09 16:00:01.938486+00,285860
,,2023-04-04 04:00:00+00,38,positive,2024-12-09 16:00:01.938486+00,285861
,,2022-11-28 05:00:00+00,1562,negative,2024-12-09 16:00:01.938486+00,285862
,,2022-07-26 04:00:00+00,428,positive,2024-12-09 16:00:01.938486+00,285863
,,2023-12-04 05:00:00+00,193,negative,2024-12-09 16:00:01.938486+00,285864
,,2020-05-23 04:00:00+00,117,positive,2024-12-09 16:00:01.938486+00,285865
,,2021-11-02 04:00:00+00,6264,negative,2024-12-09 16:00:01.938486+00,285866
,,2024-04-03 04:00:00+00,19,positive,2024-12-09 16:00:01.938486+00,285867
,,2022-03-13 05:00:00+00,1319,negative,2024-12-09 16:00:01.938486+00,285868
,,2021-07-10 04:00:00+00,43,positive,2024-12-09 16:00:01.938486+00,285869
,,2020-10-11 04:00:00+00,4734,negative,2024-12-09 16:00:01.938486+00,285870
,,2021-01-22 05:00:00+00,462,positive,2024-12-09 16:00:01.938486+00,285871
,,2023-03-11 05:00:00+00,640,negative,2024-12-09 16:00:01.938486+00,285872
,,2021-06-04 04:00:00+00,6307,negative,2024-12-09 16:00:01.938486+00,285873
,,2024-05-01 04:00:00+00,87,negative,2024-12-09 16:00:01.938486+00,285874
,,2023-07-02 04:00:00+00,19,positive,2024-12-09 16:00:01.938486+00,285875
,,2022-12-21 05:00:00+00,1714,negative,2024-12-09 16:00:01.938486+00,285876
,,2021-03-16 04:00:00+00,7915,negative,2024-12-09 16:00:01.938486+00,285877
,,2023-04-13 04:00:00+00,25,positive,2024-12-09 16:00:01.938486+00,285878
,,2020-11-03 05:00:00+00,625,positive,2024-12-09 16:00:01.938486+00,285879
,,2021-12-09 05:00:00+00,637,positive,2024-12-09 16:00:01.938486+00,285880
,,2020-09-04 04:00:00+00,90,positive,2024-12-09 16:00:01.938486+00,285881
,,2023-11-03 04:00:00+00,78,positive,2024-12-09 16:00:01.938486+00,285882
,,2021-08-06 04:00:00+00,3693,negative,2024-12-09 16:00:01.938486+00,285883
,,2022-04-13 04:00:00+00,376,positive,2024-12-09 16:00:01.938486+00,285884
,,2020-04-26 04:00:00+00,609,negative,2024-12-09 16:00:01.938486+00,285885
,,2022-08-28 04:00:00+00,1023,negative,2024-12-09 16:00:01.938486+00,285886
,,2024-03-01 05:00:00+00,185,negative,2024-12-09 16:00:01.938486+00,285887
,,2023-01-14 05:00:00+00,151,positive,2024-12-09 16:00:01.938486+00,285888
,,2021-04-09 04:00:00+00,654,positive,2024-12-09 16:00:01.938486+00,285889
,,2023-05-23 04:00:00+00,149,negative,2024-12-09 16:00:01.938486+00,285890
,,2020-12-13 05:00:00+00,5829,negative,2024-12-09 16:00:01.938486+00,285891
,,2021-12-22 05:00:00+00,2691,positive,2024-12-09 16:00:01.938486+00,285892
,,2023-10-15 04:00:00+00,45,positive,2024-12-09 16:00:01.938486+00,285893
,,2022-05-02 04:00:00+00,407,positive,2024-12-09 16:00:01.938486+00,285894
,,2022-09-10 04:00:00+00,1090,negative,2024-12-09 16:00:01.938486+00,285895
,,2021-08-25 04:00:00+00,7250,negative,2024-12-09 16:00:01.938486+00,285896
,,2020-08-22 04:00:00+00,68,positive,2024-12-09 16:00:01.938486+00,285897
,,2024-02-17 05:00:00+00,140,negative,2024-12-09 16:00:01.938486+00,285898
,,2020-04-07 04:00:00+00,813,negative,2024-12-09 16:00:01.938486+00,285899
,,2022-12-24 05:00:00+00,129,positive,2024-12-09 16:00:01.938486+00,285900
,,2020-11-22 05:00:00+00,7477,negative,2024-12-09 16:00:01.938486+00,285901
,,2021-03-29 04:00:00+00,716,positive,2024-12-09 16:00:01.938486+00,285902
,,2023-05-12 04:00:00+00,384,negative,2024-12-09 16:00:01.938486+00,285903
,,2020-09-15 04:00:00+00,3914,negative,2024-12-09 16:00:01.938486+00,285904
,,2021-07-16 04:00:00+00,70,positive,2024-12-09 16:00:01.938486+00,285905
,,2023-11-08 05:00:00+00,161,negative,2024-12-09 16:00:01.938486+00,285906
,,2022-08-01 04:00:00+00,410,positive,2024-12-09 16:00:01.938486+00,285907
,,2020-05-17 04:00:00+00,102,positive,2024-12-09 16:00:01.938486+00,285908
,,2024-03-28 04:00:00+00,31,positive,2024-12-09 16:00:01.938486+00,285909
,,2022-04-08 04:00:00+00,3760,negative,2024-12-09 16:00:01.938486+00,285910
,,2021-11-28 05:00:00+00,2363,negative,2024-12-09 16:00:01.938486+00,285911
,,2022-02-16 05:00:00+00,6280,negative,2024-12-09 16:00:01.938486+00,285912
,,2020-06-27 04:00:00+00,2008,negative,2024-12-09 16:00:01.938486+00,285913
,,2022-06-27 04:00:00+00,2107,negative,2024-12-09 16:00:01.938486+00,285914
,,2022-10-20 04:00:00+00,163,positive,2024-12-09 16:00:01.938486+00,285915
,,2023-08-20 04:00:00+00,105,negative,2024-12-09 16:00:01.938486+00,285916
,,2024-01-08 05:00:00+00,195,positive,2024-12-09 16:00:01.938486+00,285917
,,2021-10-04 04:00:00+00,352,positive,2024-12-09 16:00:01.938486+00,285918
,,2021-02-18 05:00:00+00,6466,negative,2024-12-09 16:00:01.938486+00,285919
,,2023-04-07 04:00:00+00,26,positive,2024-12-09 16:00:01.938486+00,285920
,,2022-11-25 05:00:00+00,1454,negative,2024-12-09 16:00:01.938486+00,285921
,,2020-10-28 04:00:00+00,503,positive,2024-12-09 16:00:01.938486+00,285922
,,2021-11-13 05:00:00+00,3364,negative,2024-12-09 16:00:01.938486+00,285923
,,2023-11-29 05:00:00+00,193,negative,2024-12-09 16:00:01.938486+00,285924
,,2021-06-29 04:00:00+00,32,positive,2024-12-09 16:00:01.938486+00,285925
,,2022-03-18 04:00:00+00,3264,negative,2024-12-09 16:00:01.938486+00,285926
,,2022-07-21 04:00:00+00,406,positive,2024-12-09 16:00:01.938486+00,285927
,,2024-04-08 04:00:00+00,19,positive,2024-12-09 16:00:01.938486+00,285928
,,2020-09-30 04:00:00+00,4594,negative,2024-12-09 16:00:01.938486+00,285929
,,2020-06-03 04:00:00+00,144,positive,2024-12-09 16:00:01.938486+00,285930
,,2023-03-02 05:00:00+00,102,positive,2024-12-09 16:00:01.938486+00,285931
,,2021-01-29 05:00:00+00,9014,negative,2024-12-09 16:00:01.938486+00,285932
,,2021-05-28 04:00:00+00,89,positive,2024-12-09 16:00:01.938486+00,285933
,,2023-07-11 04:00:00+00,67,negative,2024-12-09 16:00:01.938486+00,285934
,,2023-09-16 04:00:00+00,62,positive,2024-12-09 16:00:01.938486+00,285935
,,2022-01-26 05:00:00+00,800,positive,2024-12-09 16:00:01.938486+00,285936
,,2022-10-15 04:00:00+00,1144,negative,2024-12-09 16:00:01.938486+00,285937
,,2020-07-18 04:00:00+00,97,positive,2024-12-09 16:00:01.938486+00,285938
,,2021-09-23 04:00:00+00,10520,negative,2024-12-09 16:00:01.938486+00,285939
,,2022-05-31 04:00:00+00,550,positive,2024-12-09 16:00:01.938486+00,285940
,,2024-01-13 05:00:00+00,196,negative,2024-12-09 16:00:01.938486+00,285941
,,2020-12-05 05:00:00+00,6447,negative,2024-12-09 16:00:01.938486+00,285942
,,2021-04-17 04:00:00+00,426,positive,2024-12-09 16:00:01.938486+00,285943
,,2023-05-15 04:00:00+00,315,negative,2024-12-09 16:00:01.938486+00,285944
,,2023-01-22 05:00:00+00,150,positive,2024-12-09 16:00:01.938486+00,285945
,,2023-10-09 04:00:00+00,143,negative,2024-12-09 16:00:01.938486+00,285946
,,2022-09-04 04:00:00+00,101,positive,2024-12-09 16:00:01.938486+00,285947
,,2020-08-16 04:00:00+00,2539,negative,2024-12-09 16:00:01.938486+00,285948
,,2021-12-28 05:00:00+00,5890,negative,2024-12-09 16:00:01.938486+00,285949
,,2020-04-13 04:00:00+00,453,positive,2024-12-09 16:00:01.938486+00,285950
,,2022-05-08 04:00:00+00,1403,negative,2024-12-09 16:00:01.938486+00,285951
,,2021-08-19 04:00:00+00,361,positive,2024-12-09 16:00:01.938486+00,285952
,,2024-02-23 05:00:00+00,77,positive,2024-12-09 16:00:01.938486+00,285953
,,2024-02-05 05:00:00+00,129,positive,2024-12-09 16:00:01.938486+00,285954
,,2022-09-22 04:00:00+00,213,positive,2024-12-09 16:00:01.938486+00,285955
,,2022-01-19 05:00:00+00,11352,negative,2024-12-09 16:00:01.938486+00,285956
,,2021-08-29 04:00:00+00,215,positive,2024-12-09 16:00:01.938486+00,285957
,,2020-04-03 04:00:00+00,523,positive,2024-12-09 16:00:01.938486+00,285958
,,2020-07-25 04:00:00+00,2882,negative,2024-12-09 16:00:01.938486+00,285959
,,2022-05-22 04:00:00+00,1527,negative,2024-12-09 16:00:01.938486+00,285960
,,2023-09-25 04:00:00+00,151,negative,2024-12-09 16:00:01.938486+00,285961
,,2021-01-04 05:00:00+00,884,positive,2024-12-09 16:00:01.938486+00,285962
,,2023-02-17 05:00:00+00,1088,negative,2024-12-09 16:00:01.938486+00,285963
,,2021-05-21 04:00:00+00,8380,negative,2024-12-09 16:00:01.938486+00,285964
,,2023-06-22 04:00:00+00,11,positive,2024-12-09 16:00:01.938486+00,285965
,,2022-12-11 05:00:00+00,162,positive,2024-12-09 16:00:01.938486+00,285966
,,2023-04-23 04:00:00+00,332,negative,2024-12-09 16:00:01.938486+00,285967
,,2020-11-13 05:00:00+00,8899,negative,2024-12-09 16:00:01.938486+00,285968
,,2021-03-06 05:00:00+00,224,positive,2024-12-09 16:00:01.938486+00,285969
,,2023-03-14 04:00:00+00,1028,negative,2024-12-09 16:00:01.938486+00,285970
,,2024-04-28 04:00:00+00,93,negative,2024-12-09 16:00:01.938486+00,285971
,,2023-07-31 04:00:00+00,42,positive,2024-12-09 16:00:01.938486+00,285972
,,2021-02-10 05:00:00+00,357,positive,2024-12-09 16:00:01.938486+00,285973
,,2021-06-17 04:00:00+00,3197,negative,2024-12-09 16:00:01.938486+00,285974
